run_id,case_id,window,period_from,period_to,time,actual_symbol,canonical_symbol,timeframe,regime,spread,classification,paf_candidate_direction,paf_direction_source,paf_direction_confidence,paf_direction_reason,paf_direction_is_usable_for_first_touch,paf_trend_context,paf_fibo_ema_fast_value,paf_fibo_ema_slow_value,paf_fibo_ema_gap_points,paf_fibo_ema_slope_state,paf_fibo_price_vs_ema_state,paf_fibo_trend_alignment_state,paf_fibo_pullback_side,paf_fibo_direction_gap_reason,paf_fibo_zone_level
run_20260709_182444,GOLD_HASH_H1_PAF_FIELD_PRESENCE_CV_cv_field_presence_20260301_20260308,cv_field_presence_20260301_20260308,,,2026.03.02 23:00:00,,GOLD,PERIOD_H1,trend,,POSSIBLE_FIBO_PULLBACK,BUY,FIBO_PULLBACK_EMA,HIGH,fibo_pullback_with_bullish_ema_context,true,BULLISH_EMA_CONTEXT,5289.48,5170.30,11918.02,UP,ABOVE_BOTH,BULLISH,BUY_SIDE,NONE,54.72
run_20260709_182444,GOLD_HASH_H1_PAF_FIELD_PRESENCE_CV_cv_field_presence_20260301_20260308,cv_field_presence_20260301_20260308,,,2026.03.03 01:00:00,,GOLD,PERIOD_H1,trend,,POSSIBLE_FIBO_PULLBACK,BUY,FIBO_PULLBACK_EMA,HIGH,fibo_pullback_with_bullish_ema_context,true,BULLISH_EMA_CONTEXT,5290.76,5171.81,11894.27,UP,ABOVE_BOTH,BULLISH,BUY_SIDE,NONE,61.28
run_20260709_182444,GOLD_HASH_H1_PAF_FIELD_PRESENCE_CV_cv_field_presence_20260301_20260308,cv_field_presence_20260301_20260308,,,2026.03.03 03:00:00,,GOLD,PERIOD_H1,trend,,POSSIBLE_FIBO_PULLBACK,BUY,FIBO_PULLBACK_EMA,HIGH,fibo_pullback_with_bullish_ema_context,true,BULLISH_EMA_CONTEXT,5295.16,5175.30,11985.83,UP,ABOVE_BOTH,BULLISH,BUY_SIDE,NONE,43.48
run_20260709_182444,GOLD_HASH_H1_PAF_FIELD_PRESENCE_CV_cv_field_presence_20260301_20260308,cv_field_presence_20260301_20260308,,,2026.03.03 04:00:00,,GOLD,PERIOD_H1,trend,,POSSIBLE_FIBO_PULLBACK,BUY,FIBO_PULLBACK_EMA,HIGH,fibo_pullback_with_bullish_ema_context,true,BULLISH_EMA_CONTEXT,5296.89,5176.93,11995.45,UP,ABOVE_BOTH,BULLISH,BUY_SIDE,NONE,50.38
run_20260709_182444,GOLD_HASH_H1_PAF_FIELD_PRESENCE_CV_cv_field_presence_20260301_20260308,cv_field_presence_20260301_20260308,,,2026.03.03 09:00:00,,GOLD,PERIOD_H1,trend,,POSSIBLE_FIBO_PULLBACK,BUY,FIBO_PULLBACK_EMA,HIGH,fibo_pullback_with_bullish_ema_context,true,BULLISH_EMA_CONTEXT,5305.37,5185.11,12025.51,UP,ABOVE_BOTH,BULLISH,BUY_SIDE,NONE,67.88
run_20260709_182444,GOLD_HASH_H1_PAF_FIELD_PRESENCE_CV_cv_field_presence_20260301_20260308,cv_field_presence_20260301_20260308,,,2026.03.03 10:00:00,,GOLD,PERIOD_H1,trend,,POSSIBLE_FIBO_PULLBACK,BUY,FIBO_PULLBACK_EMA,HIGH,fibo_pullback_with_bullish_ema_context,true,BULLISH_EMA_CONTEXT,5306.24,5186.53,11971.07,UP,ABOVE_BOTH,BULLISH,BUY_SIDE,NONE,56.88
run_20260709_182444,GOLD_HASH_H1_PAF_FIELD_PRESENCE_CV_cv_field_presence_20260301_20260308,cv_field_presence_20260301_20260308,,,2026.03.03 11:00:00,,GOLD,PERIOD_H1,trend,,POSSIBLE_FIBO_PULLBACK,DIRECTION_UNKNOWN,NONE,NONE,fibo_pullback_without_clear_ema_direction_context,false,MIXED_EMA_CONTEXT,5305.82,5187.61,11820.64,MIXED,BETWEEN,CONFLICT,BOTH,PRICE_BETWEEN_EMAS,77.47
run_20260709_182444,GOLD_HASH_H1_PAF_FIELD_PRESENCE_CV_cv_field_presence_20260301_20260308,cv_field_presence_20260301_20260308,,,2026.03.04 09:00:00,,GOLD,PERIOD_H1,trend,,POSSIBLE_FIBO_PULLBACK,DIRECTION_UNKNOWN,NONE,NONE,fibo_pullback_without_clear_ema_direction_context,false,MIXED_EMA_CONTEXT,5213.70,5179.48,3422.37,DOWN,BELOW_BOTH,CONFLICT,UNKNOWN,TREND_ALIGNMENT_CONFLICT,46.60
run_20260709_182444,GOLD_HASH_H1_PAF_FIELD_PRESENCE_CV_cv_field_presence_20260301_20260308,cv_field_presence_20260301_20260308,,,2026.03.04 18:00:00,,GOLD,PERIOD_H1,breakout,,POSSIBLE_FIBO_PULLBACK,DIRECTION_UNKNOWN,NONE,NONE,fibo_pullback_without_clear_ema_direction_context,false,MIXED_EMA_CONTEXT,5200.40,5178.69,2170.21,DOWN,BELOW_BOTH,CONFLICT,UNKNOWN,TREND_ALIGNMENT_CONFLICT,43.09
run_20260709_182444,GOLD_HASH_H1_PAF_FIELD_PRESENCE_CV_cv_field_presence_20260301_20260308,cv_field_presence_20260301_20260308,,,2026.03.04 19:00:00,,GOLD,PERIOD_H1,breakout,,POSSIBLE_FIBO_PULLBACK,DIRECTION_UNKNOWN,NONE,NONE,fibo_pullback_without_clear_ema_direction_context,false,MIXED_EMA_CONTEXT,5198.41,5178.41,2000.34,DOWN,BELOW_BOTH,CONFLICT,UNKNOWN,TREND_ALIGNMENT_CONFLICT,45.93
run_20260709_182444,GOLD_HASH_H1_PAF_FIELD_PRESENCE_CV_cv_field_presence_20260301_20260308,cv_field_presence_20260301_20260308,,,2026.03.04 20:00:00,,GOLD,PERIOD_H1,trend,,POSSIBLE_FIBO_PULLBACK,DIRECTION_UNKNOWN,NONE,NONE,fibo_pullback_without_clear_ema_direction_context,false,MIXED_EMA_CONTEXT,5196.16,5178.03,1812.51,DOWN,BELOW_BOTH,CONFLICT,UNKNOWN,TREND_ALIGNMENT_CONFLICT,53.03
run_20260709_182444,GOLD_HASH_H1_PAF_FIELD_PRESENCE_CV_cv_field_presence_20260301_20260308,cv_field_presence_20260301_20260308,,,2026.03.04 21:00:00,,GOLD,PERIOD_H1,trend,,POSSIBLE_FIBO_PULLBACK,DIRECTION_UNKNOWN,NONE,NONE,fibo_pullback_without_clear_ema_direction_context,false,MIXED_EMA_CONTEXT,5193.72,5177.59,1612.07,DOWN,BELOW_BOTH,CONFLICT,UNKNOWN,TREND_ALIGNMENT_CONFLICT,58.91
run_20260709_182444,GOLD_HASH_H1_PAF_FIELD_PRESENCE_CV_cv_field_presence_20260301_20260308,cv_field_presence_20260301_20260308,,,2026.03.04 22:00:00,,GOLD,PERIOD_H1,trend,,POSSIBLE_FIBO_PULLBACK,DIRECTION_UNKNOWN,NONE,NONE,fibo_pullback_without_clear_ema_direction_context,false,MIXED_EMA_CONTEXT,5191.52,5177.20,1432.51,DOWN,BELOW_BOTH,CONFLICT,UNKNOWN,TREND_ALIGNMENT_CONFLICT,55.80
run_20260709_182444,GOLD_HASH_H1_PAF_FIELD_PRESENCE_CV_cv_field_presence_20260301_20260308,cv_field_presence_20260301_20260308,,,2026.03.04 23:00:00,,GOLD,PERIOD_H1,trend,,POSSIBLE_FIBO_PULLBACK,DIRECTION_UNKNOWN,NONE,NONE,fibo_pullback_without_clear_ema_direction_context,false,MIXED_EMA_CONTEXT,5189.29,5176.78,1251.87,DOWN,BELOW_BOTH,CONFLICT,UNKNOWN,TREND_ALIGNMENT_CONFLICT,71.32
run_20260709_182444,GOLD_HASH_H1_PAF_FIELD_PRESENCE_CV_cv_field_presence_20260301_20260308,cv_field_presence_20260301_20260308,,,2026.03.05 11:00:00,,GOLD,PERIOD_H1,trend,,POSSIBLE_FIBO_PULLBACK,DIRECTION_UNKNOWN,NONE,NONE,fibo_pullback_without_clear_ema_direction_context,false,MIXED_EMA_CONTEXT,5181.44,5175.78,565.98,DOWN,BELOW_BOTH,CONFLICT,UNKNOWN,TREND_ALIGNMENT_CONFLICT,41.78
run_20260709_182444,GOLD_HASH_H1_PAF_FIELD_PRESENCE_CV_cv_field_presence_20260301_20260308,cv_field_presence_20260301_20260308,,,2026.03.05 12:00:00,,GOLD,PERIOD_H1,trend,,POSSIBLE_FIBO_PULLBACK,DIRECTION_UNKNOWN,NONE,NONE,fibo_pullback_without_clear_ema_direction_context,false,MIXED_EMA_CONTEXT,5180.63,5175.63,500.27,DOWN,BELOW_BOTH,CONFLICT,UNKNOWN,TREND_ALIGNMENT_CONFLICT,46.53
run_20260709_182444,GOLD_HASH_H1_PAF_FIELD_PRESENCE_CV_cv_field_presence_20260301_20260308,cv_field_presence_20260301_20260308,,,2026.03.06 02:00:00,,GOLD,PERIOD_H1,trend,,POSSIBLE_FIBO_PULLBACK,SELL,FIBO_PULLBACK_EMA,HIGH,fibo_pullback_with_bearish_ema_context,true,BEARISH_EMA_CONTEXT,5147.18,5166.58,1939.93,DOWN,BELOW_BOTH,BEARISH,SELL_SIDE,NONE,75.47
run_20260709_182444,GOLD_HASH_H1_PAF_FIELD_PRESENCE_CV_cv_field_presence_20260301_20260308,cv_field_presence_20260301_20260308,,,2026.03.06 03:00:00,,GOLD,PERIOD_H1,trend,,POSSIBLE_FIBO_PULLBACK,SELL,FIBO_PULLBACK_EMA,HIGH,fibo_pullback_with_bearish_ema_context,true,BEARISH_EMA_CONTEXT,5144.73,5165.77,2103.81,DOWN,BELOW_BOTH,BEARISH,SELL_SIDE,NONE,76.58
run_20260709_182444,GOLD_HASH_H1_PAF_FIELD_PRESENCE_CV_cv_field_presence_20260301_20260308,cv_field_presence_20260301_20260308,,,2026.03.06 04:00:00,,GOLD,PERIOD_H1,trend,,POSSIBLE_FIBO_PULLBACK,SELL,FIBO_PULLBACK_EMA,HIGH,fibo_pullback_with_bearish_ema_context,true,BEARISH_EMA_CONTEXT,5144.33,5165.46,2112.45,DOWN,BELOW_BOTH,BEARISH,SELL_SIDE,NONE,38.30
run_20260709_182444,GOLD_HASH_H1_PAF_FIELD_PRESENCE_CV_cv_field_presence_20260301_20260308,cv_field_presence_20260301_20260308,,,2026.03.06 09:00:00,,GOLD,PERIOD_H1,trend,,POSSIBLE_FIBO_PULLBACK,SELL,FIBO_PULLBACK_EMA,HIGH,fibo_pullback_with_bearish_ema_context,true,BEARISH_EMA_CONTEXT,5140.52,5163.41,2289.37,DOWN,BELOW_BOTH,BEARISH,SELL_SIDE,NONE,49.91
run_20260709_182444,GOLD_HASH_H1_PAF_FIELD_PRESENCE_CV_cv_field_presence_20260301_20260308,cv_field_presence_20260301_20260308,,,2026.03.06 10:00:00,,GOLD,PERIOD_H1,trend,,POSSIBLE_FIBO_PULLBACK,SELL,FIBO_PULLBACK_EMA,HIGH,fibo_pullback_with_bearish_ema_context,true,BEARISH_EMA_CONTEXT,5139.69,5162.97,2327.98,DOWN,BELOW_BOTH,BEARISH,SELL_SIDE,NONE,43.02
run_20260709_182444,GOLD_HASH_H1_PAF_FIELD_PRESENCE_CV_cv_field_presence_20260301_20260308,cv_field_presence_20260301_20260308,,,2026.03.06 11:00:00,,GOLD,PERIOD_H1,trend,,POSSIBLE_FIBO_PULLBACK,SELL,FIBO_PULLBACK_EMA,HIGH,fibo_pullback_with_bearish_ema_context,true,BEARISH_EMA_CONTEXT,5138.47,5162.43,2396.07,DOWN,BELOW_BOTH,BEARISH,SELL_SIDE,NONE,52.17
run_20260709_182444,GOLD_HASH_H1_PAF_FIELD_PRESENCE_CV_cv_field_presence_20260301_20260308,cv_field_presence_20260301_20260308,,,2026.03.06 14:00:00,,GOLD,PERIOD_H1,trend,,POSSIBLE_FIBO_PULLBACK,SELL,FIBO_PULLBACK_EMA,HIGH,fibo_pullback_with_bearish_ema_context,true,BEARISH_EMA_CONTEXT,5132.36,5160.13,2777.12,DOWN,BELOW_BOTH,BEARISH,SELL_SIDE,NONE,71.93
run_20260709_182444,GOLD_HASH_H1_PAF_FIELD_PRESENCE_CV_cv_field_presence_20260301_20260308,cv_field_presence_20260301_20260308,,,2026.03.06 15:00:00,,GOLD,PERIOD_H1,trend,,POSSIBLE_FIBO_PULLBACK,SELL,FIBO_PULLBACK_EMA,HIGH,fibo_pullback_with_bearish_ema_context,true,BEARISH_EMA_CONTEXT,5130.43,5159.36,2893.44,DOWN,BELOW_BOTH,BEARISH,SELL_SIDE,NONE,65.19
run_20260709_182444,GOLD_HASH_H1_PAF_FIELD_PRESENCE_CV_cv_field_presence_20260301_20260308,cv_field_presence_20260301_20260308,,,2026.03.06 16:00:00,,GOLD,PERIOD_H1,trend,,POSSIBLE_FIBO_PULLBACK,SELL,FIBO_PULLBACK_EMA,HIGH,fibo_pullback_with_bearish_ema_context,true,BEARISH_EMA_CONTEXT,5128.64,5158.62,2997.68,DOWN,BELOW_BOTH,BEARISH,SELL_SIDE,NONE,63.25
run_20260709_202415,GOLD_HASH_H1_PAF_FIELD_STABILITY_CY_cy_w1_20260308_20260315,cy_w1_20260308_20260315,,,2026.03.09 01:00:00,,GOLD,PERIOD_H1,trend,,POSSIBLE_FIBO_PULLBACK,SELL,FIBO_PULLBACK_EMA,HIGH,fibo_pullback_with_bearish_ema_context,true,BEARISH_EMA_CONTEXT,5134.59,5157.70,2310.56,DOWN,BELOW_BOTH,BEARISH,SELL_SIDE,NONE,40.45
run_20260709_202415,GOLD_HASH_H1_PAF_FIELD_STABILITY_CY_cy_w1_20260308_20260315,cy_w1_20260308_20260315,,,2026.03.09 07:00:00,,GOLD,PERIOD_H1,breakout,,POSSIBLE_FIBO_PULLBACK,SELL,FIBO_PULLBACK_EMA,HIGH,fibo_pullback_with_bearish_ema_context,true,BEARISH_EMA_CONTEXT,5122.80,5153.10,3029.95,DOWN,BELOW_BOTH,BEARISH,SELL_SIDE,NONE,59.05
run_20260709_202415,GOLD_HASH_H1_PAF_FIELD_STABILITY_CY_cy_w1_20260308_20260315,cy_w1_20260308_20260315,,,2026.03.11 10:00:00,,GOLD,PERIOD_H1,breakout,,POSSIBLE_FIBO_PULLBACK,BUY,FIBO_PULLBACK_EMA,HIGH,fibo_pullback_with_bullish_ema_context,true,BULLISH_EMA_CONTEXT,5173.41,5158.48,1492.53,UP,ABOVE_BOTH,BULLISH,BUY_SIDE,NONE,52.21
run_20260709_202415,GOLD_HASH_H1_PAF_FIELD_STABILITY_CY_cy_w1_20260308_20260315,cy_w1_20260308_20260315,,,2026.03.11 12:00:00,,GOLD,PERIOD_H1,trend,,POSSIBLE_FIBO_PULLBACK,BUY,FIBO_PULLBACK_EMA,HIGH,fibo_pullback_with_bullish_ema_context,true,BULLISH_EMA_CONTEXT,5174.50,5159.06,1544.11,UP,ABOVE_BOTH,BULLISH,BUY_SIDE,NONE,65.17
run_20260709_202415,GOLD_HASH_H1_PAF_FIELD_STABILITY_CY_cy_w1_20260308_20260315,cy_w1_20260308_20260315,,,2026.03.11 13:00:00,,GOLD,PERIOD_H1,trend,,POSSIBLE_FIBO_PULLBACK,BUY,FIBO_PULLBACK_EMA,HIGH,fibo_pullback_with_bullish_ema_context,true,BULLISH_EMA_CONTEXT,5174.95,5159.33,1562.40,UP,ABOVE_BOTH,BULLISH,BUY_SIDE,NONE,67.31
run_20260709_202415,GOLD_HASH_H1_PAF_FIELD_STABILITY_CY_cy_w1_20260308_20260315,cy_w1_20260308_20260315,,,2026.03.11 17:00:00,,GOLD,PERIOD_H1,trend,,POSSIBLE_FIBO_PULLBACK,BUY,FIBO_PULLBACK_EMA,HIGH,fibo_pullback_with_bullish_ema_context,true,BULLISH_EMA_CONTEXT,5175.28,5160.02,1526.01,UP,ABOVE_BOTH,BULLISH,BUY_SIDE,NONE,60.62
run_20260709_202415,GOLD_HASH_H1_PAF_FIELD_STABILITY_CY_cy_w1_20260308_20260315,cy_w1_20260308_20260315,,,2026.03.11 20:00:00,,GOLD,PERIOD_H1,trend,,POSSIBLE_FIBO_PULLBACK,DIRECTION_UNKNOWN,NONE,NONE,fibo_pullback_without_clear_ema_direction_context,false,MIXED_EMA_CONTEXT,5174.75,5160.34,1441.75,MIXED,BETWEEN,CONFLICT,BOTH,PRICE_BETWEEN_EMAS,72.16
run_20260709_202415,GOLD_HASH_H1_PAF_FIELD_STABILITY_CY_cy_w1_20260308_20260315,cy_w1_20260308_20260315,,,2026.03.11 21:00:00,,GOLD,PERIOD_H1,trend,,POSSIBLE_FIBO_PULLBACK,DIRECTION_UNKNOWN,NONE,NONE,fibo_pullback_without_clear_ema_direction_context,false,MIXED_EMA_CONTEXT,5174.67,5160.46,1420.93,MIXED,BETWEEN,CONFLICT,BOTH,PRICE_BETWEEN_EMAS,68.39
run_20260709_202415,GOLD_HASH_H1_PAF_FIELD_STABILITY_CY_cy_w1_20260308_20260315,cy_w1_20260308_20260315,,,2026.03.12 03:00:00,,GOLD,PERIOD_H1,trend,,POSSIBLE_FIBO_PULLBACK,DIRECTION_UNKNOWN,NONE,NONE,fibo_pullback_without_clear_ema_direction_context,false,MIXED_EMA_CONTEXT,5171.32,5160.28,1103.83,DOWN,BELOW_BOTH,CONFLICT,UNKNOWN,TREND_ALIGNMENT_CONFLICT,74.55
run_20260709_202415,GOLD_HASH_H1_PAF_FIELD_STABILITY_CY_cy_w1_20260308_20260315,cy_w1_20260308_20260315,,,2026.03.12 07:00:00,,GOLD,PERIOD_H1,trend,,POSSIBLE_FIBO_PULLBACK,DIRECTION_UNKNOWN,NONE,NONE,fibo_pullback_without_clear_ema_direction_context,false,MIXED_EMA_CONTEXT,5168.66,5160.02,863.96,DOWN,BELOW_BOTH,CONFLICT,UNKNOWN,TREND_ALIGNMENT_CONFLICT,77.96
run_20260709_202415,GOLD_HASH_H1_PAF_FIELD_STABILITY_CY_cy_w1_20260308_20260315,cy_w1_20260308_20260315,,,2026.03.12 08:00:00,,GOLD,PERIOD_H1,trend,,POSSIBLE_FIBO_PULLBACK,DIRECTION_UNKNOWN,NONE,NONE,fibo_pullback_without_clear_ema_direction_context,false,MIXED_EMA_CONTEXT,5168.10,5159.96,813.96,DOWN,BELOW_BOTH,CONFLICT,UNKNOWN,TREND_ALIGNMENT_CONFLICT,60.47
run_20260709_202415,GOLD_HASH_H1_PAF_FIELD_STABILITY_CY_cy_w1_20260308_20260315,cy_w1_20260308_20260315,,,2026.03.13 02:00:00,,GOLD,PERIOD_H1,trend,,POSSIBLE_FIBO_PULLBACK,SELL,FIBO_PULLBACK_EMA,HIGH,fibo_pullback_with_bearish_ema_context,true,BEARISH_EMA_CONTEXT,5150.32,5156.42,610.20,DOWN,BELOW_BOTH,BEARISH,SELL_SIDE,NONE,68.56
run_20260709_202415,GOLD_HASH_H1_PAF_FIELD_STABILITY_CY_cy_w1_20260308_20260315,cy_w1_20260308_20260315,,,2026.03.13 07:00:00,,GOLD,PERIOD_H1,trend,,POSSIBLE_FIBO_PULLBACK,SELL,FIBO_PULLBACK_EMA,HIGH,fibo_pullback_with_bearish_ema_context,true,BEARISH_EMA_CONTEXT,5143.68,5154.35,1066.35,DOWN,BELOW_BOTH,BEARISH,SELL_SIDE,NONE,64.01
run_20260709_202415,GOLD_HASH_H1_PAF_FIELD_STABILITY_CY_cy_w1_20260308_20260315,cy_w1_20260308_20260315,,,2026.03.13 08:00:00,,GOLD,PERIOD_H1,trend,,POSSIBLE_FIBO_PULLBACK,SELL,FIBO_PULLBACK_EMA,HIGH,fibo_pullback_with_bearish_ema_context,true,BEARISH_EMA_CONTEXT,5142.09,5153.83,1174.68,DOWN,BELOW_BOTH,BEARISH,SELL_SIDE,NONE,64.87
run_20260709_202415,GOLD_HASH_H1_PAF_FIELD_STABILITY_CY_cy_w1_20260308_20260315,cy_w1_20260308_20260315,,,2026.03.13 10:00:00,,GOLD,PERIOD_H1,trend,,POSSIBLE_FIBO_PULLBACK,SELL,FIBO_PULLBACK_EMA,HIGH,fibo_pullback_with_bearish_ema_context,true,BEARISH_EMA_CONTEXT,5137.83,5152.50,1467.95,DOWN,BELOW_BOTH,BEARISH,SELL_SIDE,NONE,77.99
run_20260709_202415,GOLD_HASH_H1_PAF_FIELD_STABILITY_CY_cy_w1_20260308_20260315,cy_w1_20260308_20260315,,,2026.03.13 11:00:00,,GOLD,PERIOD_H1,trend,,POSSIBLE_FIBO_PULLBACK,SELL,FIBO_PULLBACK_EMA,HIGH,fibo_pullback_with_bearish_ema_context,true,BEARISH_EMA_CONTEXT,5135.85,5151.86,1601.09,DOWN,BELOW_BOTH,BEARISH,SELL_SIDE,NONE,75.35
run_20260709_202415,GOLD_HASH_H1_PAF_FIELD_STABILITY_CY_cy_w1_20260308_20260315,cy_w1_20260308_20260315,,,2026.03.13 12:00:00,,GOLD,PERIOD_H1,trend,,POSSIBLE_FIBO_PULLBACK,SELL,FIBO_PULLBACK_EMA,HIGH,fibo_pullback_with_bearish_ema_context,true,BEARISH_EMA_CONTEXT,5134.03,5151.24,1720.59,DOWN,BELOW_BOTH,BEARISH,SELL_SIDE,NONE,73.65
run_20260709_202415,GOLD_HASH_H1_PAF_FIELD_STABILITY_CY_cy_w1_20260308_20260315,cy_w1_20260308_20260315,,,2026.03.13 16:00:00,,GOLD,PERIOD_H1,trend,,POSSIBLE_FIBO_PULLBACK,SELL,FIBO_PULLBACK_EMA,HIGH,fibo_pullback_with_bearish_ema_context,true,BEARISH_EMA_CONTEXT,5129.84,5149.45,1960.60,DOWN,BELOW_BOTH,BEARISH,SELL_SIDE,NONE,44.06
run_20260709_202415,GOLD_HASH_H1_PAF_FIELD_STABILITY_CY_cy_w1_20260308_20260315,cy_w1_20260308_20260315,,,2026.03.13 20:00:00,,GOLD,PERIOD_H1,trend,,POSSIBLE_FIBO_PULLBACK,SELL,FIBO_PULLBACK_EMA,HIGH,fibo_pullback_with_bearish_ema_context,true,BEARISH_EMA_CONTEXT,5116.89,5145.24,2835.08,DOWN,BELOW_BOTH,BEARISH,SELL_SIDE,NONE,75.00
run_20260709_202415,GOLD_HASH_H1_PAF_FIELD_STABILITY_CY_cy_w1_20260308_20260315,cy_w1_20260308_20260315,,,2026.03.13 21:00:00,,GOLD,PERIOD_H1,trend,,POSSIBLE_FIBO_PULLBACK,SELL,FIBO_PULLBACK_EMA,HIGH,fibo_pullback_with_bearish_ema_context,true,BEARISH_EMA_CONTEXT,5114.13,5144.26,3013.10,DOWN,BELOW_BOTH,BEARISH,SELL_SIDE,NONE,74.92
run_20260709_202415,GOLD_HASH_H1_PAF_FIELD_STABILITY_CY_cy_w2_20260315_20260322,cy_w2_20260315_20260322,,,2026.03.16 03:00:00,,GOLD,PERIOD_H1,trend,,POSSIBLE_FIBO_PULLBACK,SELL,FIBO_PULLBACK_EMA,HIGH,fibo_pullback_with_bearish_ema_context,true,BEARISH_EMA_CONTEXT,5096.49,5138.04,4155.16,DOWN,BELOW_BOTH,BEARISH,SELL_SIDE,NONE,62.18
run_20260709_202415,GOLD_HASH_H1_PAF_FIELD_STABILITY_CY_cy_w2_20260315_20260322,cy_w2_20260315_20260322,,,2026.03.16 04:00:00,,GOLD,PERIOD_H1,trend,,POSSIBLE_FIBO_PULLBACK,SELL,FIBO_PULLBACK_EMA,HIGH,fibo_pullback_with_bearish_ema_context,true,BEARISH_EMA_CONTEXT,5093.33,5136.83,4349.61,DOWN,BELOW_BOTH,BEARISH,SELL_SIDE,NONE,68.48
run_20260709_202415,GOLD_HASH_H1_PAF_FIELD_STABILITY_CY_cy_w2_20260315_20260322,cy_w2_20260315_20260322,,,2026.03.16 06:00:00,,GOLD,PERIOD_H1,trend,,POSSIBLE_FIBO_PULLBACK,SELL,FIBO_PULLBACK_EMA,HIGH,fibo_pullback_with_bearish_ema_context,true,BEARISH_EMA_CONTEXT,5087.04,5134.35,4730.63,DOWN,BELOW_BOTH,BEARISH,SELL_SIDE,NONE,66.44
run_20260709_202415,GOLD_HASH_H1_PAF_FIELD_STABILITY_CY_cy_w2_20260315_20260322,cy_w2_20260315_20260322,,,2026.03.16 09:00:00,,GOLD,PERIOD_H1,trend,,POSSIBLE_FIBO_PULLBACK,SELL,FIBO_PULLBACK_EMA,HIGH,fibo_pullback_with_bearish_ema_context,true,BEARISH_EMA_CONTEXT,5078.78,5130.79,5200.74,DOWN,BELOW_BOTH,BEARISH,SELL_SIDE,NONE,70.98
run_20260709_202415,GOLD_HASH_H1_PAF_FIELD_STABILITY_CY_cy_w2_20260315_20260322,cy_w2_20260315_20260322,,,2026.03.16 15:00:00,,GOLD,PERIOD_H1,trend,,POSSIBLE_FIBO_PULLBACK,SELL,FIBO_PULLBACK_EMA,HIGH,fibo_pullback_with_bearish_ema_context,true,BEARISH_EMA_CONTEXT,5061.27,5122.96,6168.63,DOWN,BELOW_BOTH,BEARISH,SELL_SIDE,NONE,49.47
run_20260709_202415,GOLD_HASH_H1_PAF_FIELD_STABILITY_CY_cy_w2_20260315_20260322,cy_w2_20260315_20260322,,,2026.03.16 17:00:00,,GOLD,PERIOD_H1,trend,,POSSIBLE_FIBO_PULLBACK,SELL,FIBO_PULLBACK_EMA,HIGH,fibo_pullback_with_bearish_ema_context,true,BEARISH_EMA_CONTEXT,5057.52,5120.77,6325.65,DOWN,BELOW_BOTH,BEARISH,SELL_SIDE,NONE,70.31
run_20260709_202415,GOLD_HASH_H1_PAF_FIELD_STABILITY_CY_cy_w2_20260315_20260322,cy_w2_20260315_20260322,,,2026.03.16 19:00:00,,GOLD,PERIOD_H1,trend,,POSSIBLE_FIBO_PULLBACK,SELL,FIBO_PULLBACK_EMA,HIGH,fibo_pullback_with_bearish_ema_context,true,BEARISH_EMA_CONTEXT,5052.23,5118.16,6592.89,DOWN,BELOW_BOTH,BEARISH,SELL_SIDE,NONE,71.86
run_20260709_202415,GOLD_HASH_H1_PAF_FIELD_STABILITY_CY_cy_w2_20260315_20260322,cy_w2_20260315_20260322,,,2026.03.16 20:00:00,,GOLD,PERIOD_H1,breakout,,POSSIBLE_FIBO_PULLBACK,SELL,FIBO_PULLBACK_EMA,HIGH,fibo_pullback_with_bearish_ema_context,true,BEARISH_EMA_CONTEXT,5049.84,5116.90,6705.84,DOWN,BELOW_BOTH,BEARISH,SELL_SIDE,NONE,66.07
run_20260709_202415,GOLD_HASH_H1_PAF_FIELD_STABILITY_CY_cy_w2_20260315_20260322,cy_w2_20260315_20260322,,,2026.03.17 14:00:00,,GOLD,PERIOD_H1,breakout,,POSSIBLE_FIBO_PULLBACK,SELL,FIBO_PULLBACK_EMA,HIGH,fibo_pullback_with_bearish_ema_context,true,BEARISH_EMA_CONTEXT,5032.64,5100.97,6833.02,DOWN,BELOW_BOTH,BEARISH,SELL_SIDE,NONE,58.50
run_20260709_202415,GOLD_HASH_H1_PAF_FIELD_STABILITY_CY_cy_w2_20260315_20260322,cy_w2_20260315_20260322,,,2026.03.17 22:00:00,,GOLD,PERIOD_H1,breakout,,POSSIBLE_FIBO_PULLBACK,SELL,FIBO_PULLBACK_EMA,HIGH,fibo_pullback_with_bearish_ema_context,true,BEARISH_EMA_CONTEXT,5025.03,5093.60,6857.78,DOWN,BELOW_BOTH,BEARISH,SELL_SIDE,NONE,62.37
run_20260709_202415,GOLD_HASH_H1_PAF_FIELD_STABILITY_CY_cy_w2_20260315_20260322,cy_w2_20260315_20260322,,,2026.03.18 00:00:00,,GOLD,PERIOD_H1,breakout,,POSSIBLE_FIBO_PULLBACK,SELL,FIBO_PULLBACK_EMA,HIGH,fibo_pullback_with_bearish_ema_context,true,BEARISH_EMA_CONTEXT,5024.26,5092.73,6846.63,DOWN,BELOW_BOTH,BEARISH,SELL_SIDE,NONE,54.82
run_20260709_202415,GOLD_HASH_H1_PAF_FIELD_STABILITY_CY_cy_w2_20260315_20260322,cy_w2_20260315_20260322,,,2026.03.18 01:00:00,,GOLD,PERIOD_H1,breakout,,POSSIBLE_FIBO_PULLBACK,SELL,FIBO_PULLBACK_EMA,HIGH,fibo_pullback_with_bearish_ema_context,true,BEARISH_EMA_CONTEXT,5023.30,5091.80,6850.18,DOWN,BELOW_BOTH,BEARISH,SELL_SIDE,NONE,62.93
run_20260709_202415,GOLD_HASH_H1_PAF_FIELD_STABILITY_CY_cy_w2_20260315_20260322,cy_w2_20260315_20260322,,,2026.03.18 03:00:00,,GOLD,PERIOD_H1,breakout,,POSSIBLE_FIBO_PULLBACK,SELL,FIBO_PULLBACK_EMA,HIGH,fibo_pullback_with_bearish_ema_context,true,BEARISH_EMA_CONTEXT,5021.79,5090.06,6826.77,DOWN,BELOW_BOTH,BEARISH,SELL_SIDE,NONE,56.57
run_20260709_202415,GOLD_HASH_H1_PAF_FIELD_STABILITY_CY_cy_w2_20260315_20260322,cy_w2_20260315_20260322,,,2026.03.18 04:00:00,,GOLD,PERIOD_H1,breakout,,POSSIBLE_FIBO_PULLBACK,SELL,FIBO_PULLBACK_EMA,HIGH,fibo_pullback_with_bearish_ema_context,true,BEARISH_EMA_CONTEXT,5020.88,5089.15,6826.67,DOWN,BELOW_BOTH,BEARISH,SELL_SIDE,NONE,64.57
run_20260709_202415,GOLD_HASH_H1_PAF_FIELD_STABILITY_CY_cy_w2_20260315_20260322,cy_w2_20260315_20260322,,,2026.03.18 06:00:00,,GOLD,PERIOD_H1,breakout,,POSSIBLE_FIBO_PULLBACK,SELL,FIBO_PULLBACK_EMA,HIGH,fibo_pullback_with_bearish_ema_context,true,BEARISH_EMA_CONTEXT,5018.62,5087.21,6858.96,DOWN,BELOW_BOTH,BEARISH,SELL_SIDE,NONE,69.33
run_20260709_202415,GOLD_HASH_H1_PAF_FIELD_STABILITY_CY_cy_w2_20260315_20260322,cy_w2_20260315_20260322,,,2026.03.18 08:00:00,,GOLD,PERIOD_H1,breakout,,POSSIBLE_FIBO_PULLBACK,SELL,FIBO_PULLBACK_EMA,HIGH,fibo_pullback_with_bearish_ema_context,true,BEARISH_EMA_CONTEXT,5016.61,5085.34,6872.16,DOWN,BELOW_BOTH,BEARISH,SELL_SIDE,NONE,58.26
run_20260709_202415,GOLD_HASH_H1_PAF_FIELD_STABILITY_CY_cy_w2_20260315_20260322,cy_w2_20260315_20260322,,,2026.03.18 10:00:00,,GOLD,PERIOD_H1,breakout,,POSSIBLE_FIBO_PULLBACK,SELL,FIBO_PULLBACK_EMA,HIGH,fibo_pullback_with_bearish_ema_context,true,BEARISH_EMA_CONTEXT,5015.49,5083.69,6819.89,DOWN,BELOW_BOTH,BEARISH,SELL_SIDE,NONE,62.89
run_20260709_202415,GOLD_HASH_H1_PAF_FIELD_STABILITY_CY_cy_w2_20260315_20260322,cy_w2_20260315_20260322,,,2026.03.18 19:00:00,,GOLD,PERIOD_H1,trend,,POSSIBLE_FIBO_PULLBACK,SELL,FIBO_PULLBACK_EMA,HIGH,fibo_pullback_with_bearish_ema_context,true,BEARISH_EMA_CONTEXT,4984.44,5069.27,8483.50,DOWN,BELOW_BOTH,BEARISH,SELL_SIDE,NONE,71.06
run_20260709_202415,GOLD_HASH_H1_PAF_FIELD_STABILITY_CY_cy_w2_20260315_20260322,cy_w2_20260315_20260322,,,2026.03.18 20:00:00,,GOLD,PERIOD_H1,trend,,POSSIBLE_FIBO_PULLBACK,SELL,FIBO_PULLBACK_EMA,HIGH,fibo_pullback_with_bearish_ema_context,true,BEARISH_EMA_CONTEXT,4980.76,5067.49,8673.44,DOWN,BELOW_BOTH,BEARISH,SELL_SIDE,NONE,68.93
run_20260709_202415,GOLD_HASH_H1_PAF_FIELD_STABILITY_CY_cy_w2_20260315_20260322,cy_w2_20260315_20260322,,,2026.03.19 07:00:00,,GOLD,PERIOD_H1,trend,,POSSIBLE_FIBO_PULLBACK,SELL,FIBO_PULLBACK_EMA,HIGH,fibo_pullback_with_bearish_ema_context,true,BEARISH_EMA_CONTEXT,4935.74,5046.20,11046.73,DOWN,BELOW_BOTH,BEARISH,SELL_SIDE,NONE,78.29
run_20260709_202415,GOLD_HASH_H1_PAF_FIELD_STABILITY_CY_cy_w3_20260322_20260329,cy_w3_20260322_20260329,,,2026.03.25 22:00:00,,GOLD,PERIOD_H1,trend,,POSSIBLE_FIBO_PULLBACK,DIRECTION_UNKNOWN,NONE,NONE,fibo_pullback_without_clear_ema_direction_context,false,MIXED_EMA_CONTEXT,4506.39,4686.90,18051.84,MIXED,BETWEEN,CONFLICT,BOTH,PRICE_BETWEEN_EMAS,55.03
run_20260709_202415,GOLD_HASH_H1_PAF_FIELD_STABILITY_CY_cy_w3_20260322_20260329,cy_w3_20260322_20260329,,,2026.03.26 03:00:00,,GOLD,PERIOD_H1,trend,,POSSIBLE_FIBO_PULLBACK,DIRECTION_UNKNOWN,NONE,NONE,fibo_pullback_without_clear_ema_direction_context,false,MIXED_EMA_CONTEXT,4507.63,4680.15,17251.36,MIXED,BETWEEN,CONFLICT,BOTH,PRICE_BETWEEN_EMAS,51.15
run_20260709_202415,GOLD_HASH_H1_PAF_FIELD_STABILITY_CY_cy_w3_20260322_20260329,cy_w3_20260322_20260329,,,2026.03.26 10:00:00,,GOLD,PERIOD_H1,trend,,POSSIBLE_FIBO_PULLBACK,SELL,FIBO_PULLBACK_EMA,HIGH,fibo_pullback_with_bearish_ema_context,true,BEARISH_EMA_CONTEXT,4502.70,4667.24,16454.46,DOWN,BELOW_BOTH,BEARISH,SELL_SIDE,NONE,78.29
run_20260709_202415,GOLD_HASH_H1_PAF_FIELD_STABILITY_CY_cy_w3_20260322_20260329,cy_w3_20260322_20260329,,,2026.03.27 14:00:00,,GOLD,PERIOD_H1,trend,,POSSIBLE_FIBO_PULLBACK,SELL,FIBO_PULLBACK_EMA,HIGH,fibo_pullback_with_bearish_ema_context,true,BEARISH_EMA_CONTEXT,4449.88,4609.19,15931.73,DOWN,BELOW_BOTH,BEARISH,SELL_SIDE,NONE,46.23
run_20260709_212026,GOLD_HASH_H1_PAF_DATA_EXPANSION_DB_db_w1_20260329_20260405,db_w1_20260329_20260405,,,2026.03.30 02:00:00,,GOLD,PERIOD_H1,breakout,,POSSIBLE_FIBO_PULLBACK,DIRECTION_UNKNOWN,NONE,NONE,fibo_pullback_without_clear_ema_direction_context,false,MIXED_EMA_CONTEXT,4464.18,4598.05,13387.30,MIXED,BETWEEN,CONFLICT,BOTH,PRICE_BETWEEN_EMAS,39.53
run_20260709_212026,GOLD_HASH_H1_PAF_DATA_EXPANSION_DB_db_w1_20260329_20260405,db_w1_20260329_20260405,,,2026.03.31 01:00:00,,GOLD,PERIOD_H1,trend,,POSSIBLE_FIBO_PULLBACK,DIRECTION_UNKNOWN,NONE,NONE,fibo_pullback_without_clear_ema_direction_context,false,MIXED_EMA_CONTEXT,4496.22,4581.85,8562.18,MIXED,BETWEEN,CONFLICT,BOTH,PRICE_BETWEEN_EMAS,43.28
run_20260709_212026,GOLD_HASH_H1_PAF_DATA_EXPANSION_DB_db_w1_20260329_20260405,db_w1_20260329_20260405,,,2026.03.31 02:00:00,,GOLD,PERIOD_H1,trend,,POSSIBLE_FIBO_PULLBACK,DIRECTION_UNKNOWN,NONE,NONE,fibo_pullback_without_clear_ema_direction_context,false,MIXED_EMA_CONTEXT,4496.79,4581.14,8434.79,MIXED,BETWEEN,CONFLICT,BOTH,PRICE_BETWEEN_EMAS,47.00
run_20260709_212026,GOLD_HASH_H1_PAF_DATA_EXPANSION_DB_db_w1_20260329_20260405,db_w1_20260329_20260405,,,2026.03.31 03:00:00,,GOLD,PERIOD_H1,trend,,POSSIBLE_FIBO_PULLBACK,DIRECTION_UNKNOWN,NONE,NONE,fibo_pullback_without_clear_ema_direction_context,false,MIXED_EMA_CONTEXT,4497.45,4580.47,8301.52,MIXED,BETWEEN,CONFLICT,BOTH,PRICE_BETWEEN_EMAS,54.99
run_20260709_212026,GOLD_HASH_H1_PAF_DATA_EXPANSION_DB_db_w1_20260329_20260405,db_w1_20260329_20260405,,,2026.04.02 05:00:00,,GOLD,PERIOD_H1,trend,,POSSIBLE_FIBO_PULLBACK,BUY,FIBO_PULLBACK_EMA,HIGH,fibo_pullback_with_bullish_ema_context,true,BULLISH_EMA_CONTEXT,4678.63,4619.30,5932.69,UP,ABOVE_BOTH,BULLISH,BUY_SIDE,NONE,77.85
run_20260709_212026,GOLD_HASH_H1_PAF_DATA_EXPANSION_DB_db_w1_20260329_20260405,db_w1_20260329_20260405,,,2026.04.02 06:00:00,,GOLD,PERIOD_H1,trend,,POSSIBLE_FIBO_PULLBACK,BUY,FIBO_PULLBACK_EMA,HIGH,fibo_pullback_with_bullish_ema_context,true,BULLISH_EMA_CONTEXT,4678.94,4619.97,5896.99,UP,ABOVE_BOTH,BULLISH,BUY_SIDE,NONE,76.17
run_20260709_212026,GOLD_HASH_H1_PAF_DATA_EXPANSION_DB_db_w2_20260405_20260412,db_w2_20260405_20260412,,,2026.04.06 01:00:00,,GOLD,PERIOD_H1,breakout,,POSSIBLE_FIBO_PULLBACK,BUY,FIBO_PULLBACK_EMA,HIGH,fibo_pullback_with_bullish_ema_context,true,BULLISH_EMA_CONTEXT,4661.60,4623.77,3783.79,UP,ABOVE_BOTH,BULLISH,BUY_SIDE,NONE,50.06
run_20260709_212026,GOLD_HASH_H1_PAF_DATA_EXPANSION_DB_db_w2_20260405_20260412,db_w2_20260405_20260412,,,2026.04.06 02:00:00,,GOLD,PERIOD_H1,breakout,,POSSIBLE_FIBO_PULLBACK,DIRECTION_UNKNOWN,NONE,NONE,fibo_pullback_without_clear_ema_direction_context,false,MIXED_EMA_CONTEXT,4660.98,4623.98,3699.48,MIXED,BETWEEN,CONFLICT,BOTH,PRICE_BETWEEN_EMAS,60.49
run_20260709_212026,GOLD_HASH_H1_PAF_DATA_EXPANSION_DB_db_w2_20260405_20260412,db_w2_20260405_20260412,,,2026.04.06 05:00:00,,GOLD,PERIOD_H1,breakout,,POSSIBLE_FIBO_PULLBACK,DIRECTION_UNKNOWN,NONE,NONE,fibo_pullback_without_clear_ema_direction_context,false,MIXED_EMA_CONTEXT,4656.31,4623.85,3245.97,MIXED,BETWEEN,CONFLICT,BOTH,PRICE_BETWEEN_EMAS,50.47
run_20260709_212026,GOLD_HASH_H1_PAF_DATA_EXPANSION_DB_db_w2_20260405_20260412,db_w2_20260405_20260412,,,2026.04.06 07:00:00,,GOLD,PERIOD_H1,breakout,,POSSIBLE_FIBO_PULLBACK,DIRECTION_UNKNOWN,NONE,NONE,fibo_pullback_without_clear_ema_direction_context,false,MIXED_EMA_CONTEXT,4655.38,4624.26,3112.15,MIXED,BETWEEN,CONFLICT,BOTH,PRICE_BETWEEN_EMAS,40.41
run_20260709_212026,GOLD_HASH_H1_PAF_DATA_EXPANSION_DB_db_w2_20260405_20260412,db_w2_20260405_20260412,,,2026.04.06 09:00:00,,GOLD,PERIOD_H1,trend,,POSSIBLE_FIBO_PULLBACK,DIRECTION_UNKNOWN,NONE,NONE,fibo_pullback_without_clear_ema_direction_context,false,MIXED_EMA_CONTEXT,4655.40,4624.88,3052.22,MIXED,BETWEEN,CONFLICT,BOTH,PRICE_BETWEEN_EMAS,39.46
run_20260709_212026,GOLD_HASH_H1_PAF_DATA_EXPANSION_DB_db_w2_20260405_20260412,db_w2_20260405_20260412,,,2026.04.06 23:00:00,,GOLD,PERIOD_H1,breakout,,POSSIBLE_FIBO_PULLBACK,DIRECTION_UNKNOWN,NONE,NONE,fibo_pullback_without_clear_ema_direction_context,false,MIXED_EMA_CONTEXT,4662.85,4631.30,3154.70,MIXED,BETWEEN,CONFLICT,BOTH,PRICE_BETWEEN_EMAS,48.44
run_20260709_212026,GOLD_HASH_H1_PAF_DATA_EXPANSION_DB_db_w2_20260405_20260412,db_w2_20260405_20260412,,,2026.04.07 07:00:00,,GOLD,PERIOD_H1,breakout,,POSSIBLE_FIBO_PULLBACK,DIRECTION_UNKNOWN,NONE,NONE,fibo_pullback_without_clear_ema_direction_context,false,MIXED_EMA_CONTEXT,4659.62,4632.55,2706.48,MIXED,BETWEEN,CONFLICT,BOTH,PRICE_BETWEEN_EMAS,63.19
run_20260709_212026,GOLD_HASH_H1_PAF_DATA_EXPANSION_DB_db_w2_20260405_20260412,db_w2_20260405_20260412,,,2026.04.07 19:00:00,,GOLD,PERIOD_H1,breakout,,POSSIBLE_FIBO_PULLBACK,DIRECTION_UNKNOWN,NONE,NONE,fibo_pullback_without_clear_ema_direction_context,false,MIXED_EMA_CONTEXT,4657.41,4635.00,2241.40,MIXED,BETWEEN,CONFLICT,BOTH,PRICE_BETWEEN_EMAS,44.67
run_20260709_212026,GOLD_HASH_H1_PAF_DATA_EXPANSION_DB_db_w2_20260405_20260412,db_w2_20260405_20260412,,,2026.04.07 20:00:00,,GOLD,PERIOD_H1,breakout,,POSSIBLE_FIBO_PULLBACK,DIRECTION_UNKNOWN,NONE,NONE,fibo_pullback_without_clear_ema_direction_context,false,MIXED_EMA_CONTEXT,4657.40,4635.22,2217.97,MIXED,BETWEEN,CONFLICT,BOTH,PRICE_BETWEEN_EMAS,43.04
run_20260709_212026,GOLD_HASH_H1_PAF_DATA_EXPANSION_DB_db_w2_20260405_20260412,db_w2_20260405_20260412,,,2026.04.08 20:00:00,,GOLD,PERIOD_H1,trend,,POSSIBLE_FIBO_PULLBACK,BUY,FIBO_PULLBACK_EMA,HIGH,fibo_pullback_with_bullish_ema_context,true,BULLISH_EMA_CONTEXT,4731.08,4664.59,6649.08,UP,ABOVE_BOTH,BULLISH,BUY_SIDE,NONE,49.33
run_20260709_212026,GOLD_HASH_H1_PAF_DATA_EXPANSION_DB_db_w2_20260405_20260412,db_w2_20260405_20260412,,,2026.04.09 11:00:00,,GOLD,PERIOD_H1,trend,,POSSIBLE_FIBO_PULLBACK,DIRECTION_UNKNOWN,NONE,NONE,fibo_pullback_without_clear_ema_direction_context,false,MIXED_EMA_CONTEXT,4725.53,4671.61,5392.49,MIXED,BETWEEN,CONFLICT,BOTH,PRICE_BETWEEN_EMAS,76.35
run_20260709_212026,GOLD_HASH_H1_PAF_DATA_EXPANSION_DB_db_w2_20260405_20260412,db_w2_20260405_20260412,,,2026.04.09 12:00:00,,GOLD,PERIOD_H1,trend,,POSSIBLE_FIBO_PULLBACK,BUY,FIBO_PULLBACK_EMA,HIGH,fibo_pullback_with_bullish_ema_context,true,BULLISH_EMA_CONTEXT,4725.56,4672.15,5340.81,UP,ABOVE_BOTH,BULLISH,BUY_SIDE,NONE,74.62
run_20260709_212026,GOLD_HASH_H1_PAF_DATA_EXPANSION_DB_db_w2_20260405_20260412,db_w2_20260405_20260412,,,2026.04.10 03:00:00,,GOLD,PERIOD_H1,trend,,POSSIBLE_FIBO_PULLBACK,BUY,FIBO_PULLBACK_EMA,HIGH,fibo_pullback_with_bullish_ema_context,true,BULLISH_EMA_CONTEXT,4743.32,4684.41,5891.18,UP,ABOVE_BOTH,BULLISH,BUY_SIDE,NONE,38.44
run_20260709_212026,GOLD_HASH_H1_PAF_DATA_EXPANSION_DB_db_w2_20260405_20260412,db_w2_20260405_20260412,,,2026.04.10 04:00:00,,GOLD,PERIOD_H1,trend,,POSSIBLE_FIBO_PULLBACK,BUY,FIBO_PULLBACK_EMA,HIGH,fibo_pullback_with_bullish_ema_context,true,BULLISH_EMA_CONTEXT,4744.08,4685.19,5889.33,UP,ABOVE_BOTH,BULLISH,BUY_SIDE,NONE,39.40
run_20260709_212026,GOLD_HASH_H1_PAF_DATA_EXPANSION_DB_db_w2_20260405_20260412,db_w2_20260405_20260412,,,2026.04.10 06:00:00,,GOLD,PERIOD_H1,trend,,POSSIBLE_FIBO_PULLBACK,BUY,FIBO_PULLBACK_EMA,HIGH,fibo_pullback_with_bullish_ema_context,true,BULLISH_EMA_CONTEXT,4745.20,4686.65,5855.41,UP,ABOVE_BOTH,BULLISH,BUY_SIDE,NONE,49.39
run_20260709_212026,GOLD_HASH_H1_PAF_DATA_EXPANSION_DB_db_w2_20260405_20260412,db_w2_20260405_20260412,,,2026.04.10 11:00:00,,GOLD,PERIOD_H1,breakout,,POSSIBLE_FIBO_PULLBACK,BUY,FIBO_PULLBACK_EMA,HIGH,fibo_pullback_with_bullish_ema_context,true,BULLISH_EMA_CONTEXT,4747.33,4690.09,5724.25,UP,ABOVE_BOTH,BULLISH,BUY_SIDE,NONE,66.65
run_20260709_212026,GOLD_HASH_H1_PAF_DATA_EXPANSION_DB_db_w2_20260405_20260412,db_w2_20260405_20260412,,,2026.04.10 16:00:00,,GOLD,PERIOD_H1,breakout,,POSSIBLE_FIBO_PULLBACK,BUY,FIBO_PULLBACK_EMA,HIGH,fibo_pullback_with_bullish_ema_context,true,BULLISH_EMA_CONTEXT,4749.34,4693.40,5594.44,UP,ABOVE_BOTH,BULLISH,BUY_SIDE,NONE,41.74
run_20260709_212026,GOLD_HASH_H1_PAF_DATA_EXPANSION_DB_db_w2_20260405_20260412,db_w2_20260405_20260412,,,2026.04.10 20:00:00,,GOLD,PERIOD_H1,breakout,,POSSIBLE_FIBO_PULLBACK,BUY,FIBO_PULLBACK_EMA,HIGH,fibo_pullback_with_bullish_ema_context,true,BULLISH_EMA_CONTEXT,4752.21,4696.36,5584.86,UP,ABOVE_BOTH,BULLISH,BUY_SIDE,NONE,48.54
run_20260709_212026,GOLD_HASH_H1_PAF_DATA_EXPANSION_DB_db_w2_20260405_20260412,db_w2_20260405_20260412,,,2026.04.10 21:00:00,,GOLD,PERIOD_H1,breakout,,POSSIBLE_FIBO_PULLBACK,BUY,FIBO_PULLBACK_EMA,HIGH,fibo_pullback_with_bullish_ema_context,true,BULLISH_EMA_CONTEXT,4752.53,4697.00,5553.14,UP,ABOVE_BOTH,BULLISH,BUY_SIDE,NONE,53.83
run_20260709_212026,GOLD_HASH_H1_PAF_DATA_EXPANSION_DB_db_w3_20260412_20260419,db_w3_20260412_20260419,,,2026.04.13 06:00:00,,GOLD,PERIOD_H1,breakout,,POSSIBLE_FIBO_PULLBACK,DIRECTION_UNKNOWN,NONE,NONE,fibo_pullback_without_clear_ema_direction_context,false,MIXED_EMA_CONTEXT,4742.57,4698.56,4401.21,MIXED,BETWEEN,CONFLICT,BOTH,PRICE_BETWEEN_EMAS,49.34
run_20260709_212026,GOLD_HASH_H1_PAF_DATA_EXPANSION_DB_db_w3_20260412_20260419,db_w3_20260412_20260419,,,2026.04.13 07:00:00,,GOLD,PERIOD_H1,breakout,,POSSIBLE_FIBO_PULLBACK,DIRECTION_UNKNOWN,NONE,NONE,fibo_pullback_without_clear_ema_direction_context,false,MIXED_EMA_CONTEXT,4741.61,4698.75,4285.92,MIXED,BETWEEN,CONFLICT,BOTH,PRICE_BETWEEN_EMAS,50.87
run_20260709_212026,GOLD_HASH_H1_PAF_DATA_EXPANSION_DB_db_w3_20260412_20260419,db_w3_20260412_20260419,,,2026.04.15 07:00:00,,GOLD,PERIOD_H1,trend,,POSSIBLE_FIBO_PULLBACK,BUY,FIBO_PULLBACK_EMA,HIGH,fibo_pullback_with_bullish_ema_context,true,BULLISH_EMA_CONTEXT,4784.38,4727.58,5679.98,UP,ABOVE_BOTH,BULLISH,BUY_SIDE,NONE,39.82
run_20260709_212026,GOLD_HASH_H1_PAF_DATA_EXPANSION_DB_db_w3_20260412_20260419,db_w3_20260412_20260419,,,2026.04.15 08:00:00,,GOLD,PERIOD_H1,trend,,POSSIBLE_FIBO_PULLBACK,BUY,FIBO_PULLBACK_EMA,HIGH,fibo_pullback_with_bullish_ema_context,true,BULLISH_EMA_CONTEXT,4785.97,4728.55,5742.29,UP,ABOVE_BOTH,BULLISH,BUY_SIDE,NONE,38.91
run_20260709_212026,GOLD_HASH_H1_PAF_DATA_EXPANSION_DB_db_w3_20260412_20260419,db_w3_20260412_20260419,,,2026.04.15 09:00:00,,GOLD,PERIOD_H1,trend,,POSSIBLE_FIBO_PULLBACK,BUY,FIBO_PULLBACK_EMA,HIGH,fibo_pullback_with_bullish_ema_context,true,BULLISH_EMA_CONTEXT,4787.29,4729.45,5783.60,UP,ABOVE_BOTH,BULLISH,BUY_SIDE,NONE,43.43
run_20260709_212026,GOLD_HASH_H1_PAF_DATA_EXPANSION_DB_db_w3_20260412_20260419,db_w3_20260412_20260419,,,2026.04.15 11:00:00,,GOLD,PERIOD_H1,trend,,POSSIBLE_FIBO_PULLBACK,BUY,FIBO_PULLBACK_EMA,HIGH,fibo_pullback_with_bullish_ema_context,true,BULLISH_EMA_CONTEXT,4789.14,4731.08,5806.78,UP,ABOVE_BOTH,BULLISH,BUY_SIDE,NONE,50.51
run_20260709_212026,GOLD_HASH_H1_PAF_DATA_EXPANSION_DB_db_w3_20260412_20260419,db_w3_20260412_20260419,,,2026.04.15 12:00:00,,GOLD,PERIOD_H1,trend,,POSSIBLE_FIBO_PULLBACK,BUY,FIBO_PULLBACK_EMA,HIGH,fibo_pullback_with_bullish_ema_context,true,BULLISH_EMA_CONTEXT,4790.29,4731.95,5834.74,UP,ABOVE_BOTH,BULLISH,BUY_SIDE,NONE,48.46
run_20260709_212026,GOLD_HASH_H1_PAF_DATA_EXPANSION_DB_db_w3_20260412_20260419,db_w3_20260412_20260419,,,2026.04.15 14:00:00,,GOLD,PERIOD_H1,trend,,POSSIBLE_FIBO_PULLBACK,BUY,FIBO_PULLBACK_EMA,HIGH,fibo_pullback_with_bullish_ema_context,true,BULLISH_EMA_CONTEXT,4790.98,4733.28,5769.88,UP,ABOVE_BOTH,BULLISH,BUY_SIDE,NONE,70.96
run_20260709_212026,GOLD_HASH_H1_PAF_DATA_EXPANSION_DB_db_w3_20260412_20260419,db_w3_20260412_20260419,,,2026.04.15 16:00:00,,GOLD,PERIOD_H1,trend,,POSSIBLE_FIBO_PULLBACK,BUY,FIBO_PULLBACK_EMA,HIGH,fibo_pullback_with_bullish_ema_context,true,BULLISH_EMA_CONTEXT,4792.60,4734.84,5776.16,UP,ABOVE_BOTH,BULLISH,BUY_SIDE,NONE,70.13
run_20260709_212026,GOLD_HASH_H1_PAF_DATA_EXPANSION_DB_db_w3_20260412_20260419,db_w3_20260412_20260419,,,2026.04.15 17:00:00,,GOLD,PERIOD_H1,trend,,POSSIBLE_FIBO_PULLBACK,BUY,FIBO_PULLBACK_EMA,HIGH,fibo_pullback_with_bullish_ema_context,true,BULLISH_EMA_CONTEXT,4794.02,4735.77,5824.89,UP,ABOVE_BOTH,BULLISH,BUY_SIDE,NONE,49.81
run_20260709_212026,GOLD_HASH_H1_PAF_DATA_EXPANSION_DB_db_w3_20260412_20260419,db_w3_20260412_20260419,,,2026.04.16 13:00:00,,GOLD,PERIOD_H1,breakout,,POSSIBLE_FIBO_PULLBACK,BUY,FIBO_PULLBACK_EMA,HIGH,fibo_pullback_with_bullish_ema_context,true,BULLISH_EMA_CONTEXT,4805.12,4749.26,5586.19,UP,ABOVE_BOTH,BULLISH,BUY_SIDE,NONE,49.67
run_20260709_212026,GOLD_HASH_H1_PAF_DATA_EXPANSION_DB_db_w3_20260412_20260419,db_w3_20260412_20260419,,,2026.04.16 21:00:00,,GOLD,PERIOD_H1,breakout,,POSSIBLE_FIBO_PULLBACK,DIRECTION_UNKNOWN,NONE,NONE,fibo_pullback_without_clear_ema_direction_context,false,MIXED_EMA_CONTEXT,4804.38,4753.40,5097.75,MIXED,BETWEEN,CONFLICT,BOTH,PRICE_BETWEEN_EMAS,75.39
run_20260709_212026,GOLD_HASH_H1_PAF_DATA_EXPANSION_DB_db_w3_20260412_20260419,db_w3_20260412_20260419,,,2026.04.16 22:00:00,,GOLD,PERIOD_H1,breakout,,POSSIBLE_FIBO_PULLBACK,DIRECTION_UNKNOWN,NONE,NONE,fibo_pullback_without_clear_ema_direction_context,false,MIXED_EMA_CONTEXT,4803.80,4753.76,5003.54,MIXED,BETWEEN,CONFLICT,BOTH,PRICE_BETWEEN_EMAS,74.86
run_20260709_212026,GOLD_HASH_H1_PAF_DATA_EXPANSION_DB_db_w4_20260419_20260426,db_w4_20260419_20260426,,,2026.04.20 08:00:00,,GOLD,PERIOD_H1,trend,,POSSIBLE_FIBO_PULLBACK,DIRECTION_UNKNOWN,NONE,NONE,fibo_pullback_without_clear_ema_direction_context,false,MIXED_EMA_CONTEXT,4809.01,4769.19,3981.52,MIXED,BETWEEN,CONFLICT,BOTH,PRICE_BETWEEN_EMAS,65.86
run_20260709_212026,GOLD_HASH_H1_PAF_DATA_EXPANSION_DB_db_w4_20260419_20260426,db_w4_20260419_20260426,,,2026.04.20 09:00:00,,GOLD,PERIOD_H1,trend,,POSSIBLE_FIBO_PULLBACK,DIRECTION_UNKNOWN,NONE,NONE,fibo_pullback_without_clear_ema_direction_context,false,MIXED_EMA_CONTEXT,4808.29,4769.41,3888.53,MIXED,BETWEEN,CONFLICT,BOTH,PRICE_BETWEEN_EMAS,64.64
run_20260709_212026,GOLD_HASH_H1_PAF_DATA_EXPANSION_DB_db_w4_20260419_20260426,db_w4_20260419_20260426,,,2026.04.20 11:00:00,,GOLD,PERIOD_H1,trend,,POSSIBLE_FIBO_PULLBACK,DIRECTION_UNKNOWN,NONE,NONE,fibo_pullback_without_clear_ema_direction_context,false,MIXED_EMA_CONTEXT,4807.07,4769.86,3720.89,MIXED,BETWEEN,CONFLICT,BOTH,PRICE_BETWEEN_EMAS,65.35
run_20260709_212026,GOLD_HASH_H1_PAF_DATA_EXPANSION_DB_db_w4_20260419_20260426,db_w4_20260419_20260426,,,2026.04.20 12:00:00,,GOLD,PERIOD_H1,trend,,POSSIBLE_FIBO_PULLBACK,DIRECTION_UNKNOWN,NONE,NONE,fibo_pullback_without_clear_ema_direction_context,false,MIXED_EMA_CONTEXT,4806.64,4770.12,3651.96,MIXED,BETWEEN,CONFLICT,BOTH,PRICE_BETWEEN_EMAS,61.10
run_20260709_212026,GOLD_HASH_H1_PAF_DATA_EXPANSION_DB_db_w4_20260419_20260426,db_w4_20260419_20260426,,,2026.04.20 21:00:00,,GOLD,PERIOD_H1,trend,,POSSIBLE_FIBO_PULLBACK,BUY,FIBO_PULLBACK_EMA,HIGH,fibo_pullback_with_bullish_ema_context,true,BULLISH_EMA_CONTEXT,4805.93,4773.05,3288.61,UP,ABOVE_BOTH,BULLISH,BUY_SIDE,NONE,40.92
run_20260709_212026,GOLD_HASH_H1_PAF_DATA_EXPANSION_DB_db_w4_20260419_20260426,db_w4_20260419_20260426,,,2026.04.21 12:00:00,,GOLD,PERIOD_H1,trend,,POSSIBLE_FIBO_PULLBACK,DIRECTION_UNKNOWN,NONE,NONE,fibo_pullback_without_clear_ema_direction_context,false,MIXED_EMA_CONTEXT,4804.24,4777.05,2718.28,MIXED,BETWEEN,CONFLICT,BOTH,PRICE_BETWEEN_EMAS,78.15
run_20260709_212026,GOLD_HASH_H1_PAF_DATA_EXPANSION_DB_db_w4_20260419_20260426,db_w4_20260419_20260426,,,2026.04.21 15:00:00,,GOLD,PERIOD_H1,trend,,POSSIBLE_FIBO_PULLBACK,DIRECTION_UNKNOWN,NONE,NONE,fibo_pullback_without_clear_ema_direction_context,false,MIXED_EMA_CONTEXT,4802.57,4777.42,2515.03,MIXED,BETWEEN,CONFLICT,BOTH,PRICE_BETWEEN_EMAS,63.76
run_20260709_212026,GOLD_HASH_H1_PAF_DATA_EXPANSION_DB_db_w4_20260419_20260426,db_w4_20260419_20260426,,,2026.04.22 02:00:00,,GOLD,PERIOD_H1,trend,,POSSIBLE_FIBO_PULLBACK,DIRECTION_UNKNOWN,NONE,NONE,fibo_pullback_without_clear_ema_direction_context,false,MIXED_EMA_CONTEXT,4777.40,4772.73,466.74,DOWN,BELOW_BOTH,CONFLICT,UNKNOWN,TREND_ALIGNMENT_CONFLICT,67.20
run_20260709_212026,GOLD_HASH_H1_PAF_DATA_EXPANSION_DB_db_w4_20260419_20260426,db_w4_20260419_20260426,,,2026.04.22 03:00:00,,GOLD,PERIOD_H1,trend,,POSSIBLE_FIBO_PULLBACK,DIRECTION_UNKNOWN,NONE,NONE,fibo_pullback_without_clear_ema_direction_context,false,MIXED_EMA_CONTEXT,4775.85,4772.38,346.83,DOWN,BELOW_BOTH,CONFLICT,UNKNOWN,TREND_ALIGNMENT_CONFLICT,50.93
run_20260709_212026,GOLD_HASH_H1_PAF_DATA_EXPANSION_DB_db_w4_20260419_20260426,db_w4_20260419_20260426,,,2026.04.22 04:00:00,,GOLD,PERIOD_H1,trend,,POSSIBLE_FIBO_PULLBACK,DIRECTION_UNKNOWN,NONE,NONE,fibo_pullback_without_clear_ema_direction_context,false,MIXED_EMA_CONTEXT,4774.44,4772.06,238.10,DOWN,BELOW_BOTH,CONFLICT,UNKNOWN,TREND_ALIGNMENT_CONFLICT,48.63
run_20260709_212026,GOLD_HASH_H1_PAF_DATA_EXPANSION_DB_db_w4_20260419_20260426,db_w4_20260419_20260426,,,2026.04.22 20:00:00,,GOLD,PERIOD_H1,trend,,POSSIBLE_FIBO_PULLBACK,SELL,FIBO_PULLBACK_EMA,HIGH,fibo_pullback_with_bearish_ema_context,true,BEARISH_EMA_CONTEXT,4762.93,4769.00,606.81,DOWN,BELOW_BOTH,BEARISH,SELL_SIDE,NONE,41.99
run_20260709_212026,GOLD_HASH_H1_PAF_DATA_EXPANSION_DB_db_w4_20260419_20260426,db_w4_20260419_20260426,,,2026.04.22 23:00:00,,GOLD,PERIOD_H1,trend,,POSSIBLE_FIBO_PULLBACK,SELL,FIBO_PULLBACK_EMA,HIGH,fibo_pullback_with_bearish_ema_context,true,BEARISH_EMA_CONTEXT,4760.30,4768.13,782.81,DOWN,BELOW_BOTH,BEARISH,SELL_SIDE,NONE,59.28
run_20260709_212026,GOLD_HASH_H1_PAF_DATA_EXPANSION_DB_db_w4_20260419_20260426,db_w4_20260419_20260426,,,2026.04.23 01:00:00,,GOLD,PERIOD_H1,breakout,,POSSIBLE_FIBO_PULLBACK,SELL,FIBO_PULLBACK_EMA,HIGH,fibo_pullback_with_bearish_ema_context,true,BEARISH_EMA_CONTEXT,4759.51,4767.85,834.29,DOWN,BELOW_BOTH,BEARISH,SELL_SIDE,NONE,66.48
run_20260709_212026,GOLD_HASH_H1_PAF_DATA_EXPANSION_DB_db_w4_20260419_20260426,db_w4_20260419_20260426,,,2026.04.23 10:00:00,,GOLD,PERIOD_H1,trend,,POSSIBLE_FIBO_PULLBACK,SELL,FIBO_PULLBACK_EMA,HIGH,fibo_pullback_with_bearish_ema_context,true,BEARISH_EMA_CONTEXT,4746.57,4763.51,1693.55,DOWN,BELOW_BOTH,BEARISH,SELL_SIDE,NONE,70.80
run_20260709_212026,GOLD_HASH_H1_PAF_DATA_EXPANSION_DB_db_w4_20260419_20260426,db_w4_20260419_20260426,,,2026.04.23 11:00:00,,GOLD,PERIOD_H1,trend,,POSSIBLE_FIBO_PULLBACK,SELL,FIBO_PULLBACK_EMA,HIGH,fibo_pullback_with_bearish_ema_context,true,BEARISH_EMA_CONTEXT,4745.49,4763.06,1757.09,DOWN,BELOW_BOTH,BEARISH,SELL_SIDE,NONE,61.16
run_20260709_212026,GOLD_HASH_H1_PAF_DATA_EXPANSION_DB_db_w4_20260419_20260426,db_w4_20260419_20260426,,,2026.04.23 19:00:00,,GOLD,PERIOD_H1,breakout,,POSSIBLE_FIBO_PULLBACK,SELL,FIBO_PULLBACK_EMA,HIGH,fibo_pullback_with_bearish_ema_context,true,BEARISH_EMA_CONTEXT,4737.97,4759.54,2157.70,DOWN,BELOW_BOTH,BEARISH,SELL_SIDE,NONE,47.83
run_20260709_212026,GOLD_HASH_H1_PAF_DATA_EXPANSION_DB_db_w4_20260419_20260426,db_w4_20260419_20260426,,,2026.04.23 21:00:00,,GOLD,PERIOD_H1,breakout,,POSSIBLE_FIBO_PULLBACK,SELL,FIBO_PULLBACK_EMA,HIGH,fibo_pullback_with_bearish_ema_context,true,BEARISH_EMA_CONTEXT,4736.65,4758.78,2213.15,DOWN,BELOW_BOTH,BEARISH,SELL_SIDE,NONE,63.93
run_20260709_212026,GOLD_HASH_H1_PAF_DATA_EXPANSION_DB_db_w4_20260419_20260426,db_w4_20260419_20260426,,,2026.04.24 01:00:00,,GOLD,PERIOD_H1,trend,,POSSIBLE_FIBO_PULLBACK,SELL,FIBO_PULLBACK_EMA,HIGH,fibo_pullback_with_bearish_ema_context,true,BEARISH_EMA_CONTEXT,4732.17,4756.96,2478.42,DOWN,BELOW_BOTH,BEARISH,SELL_SIDE,NONE,66.15
run_20260709_212026,GOLD_HASH_H1_PAF_DATA_EXPANSION_DB_db_w4_20260419_20260426,db_w4_20260419_20260426,,,2026.04.24 03:00:00,,GOLD,PERIOD_H1,trend,,POSSIBLE_FIBO_PULLBACK,SELL,FIBO_PULLBACK_EMA,HIGH,fibo_pullback_with_bearish_ema_context,true,BEARISH_EMA_CONTEXT,4729.26,4755.72,2645.49,DOWN,BELOW_BOTH,BEARISH,SELL_SIDE,NONE,60.46
run_20260709_212026,GOLD_HASH_H1_PAF_DATA_EXPANSION_DB_db_w4_20260419_20260426,db_w4_20260419_20260426,,,2026.04.24 11:00:00,,GOLD,PERIOD_H1,trend,,POSSIBLE_FIBO_PULLBACK,SELL,FIBO_PULLBACK_EMA,HIGH,fibo_pullback_with_bearish_ema_context,true,BEARISH_EMA_CONTEXT,4717.02,4750.27,3324.90,DOWN,BELOW_BOTH,BEARISH,SELL_SIDE,NONE,56.93
run_20260709_212026,GOLD_HASH_H1_PAF_DATA_EXPANSION_DB_db_w4_20260419_20260426,db_w4_20260419_20260426,,,2026.04.24 15:00:00,,GOLD,PERIOD_H1,breakout,,POSSIBLE_FIBO_PULLBACK,SELL,FIBO_PULLBACK_EMA,HIGH,fibo_pullback_with_bearish_ema_context,true,BEARISH_EMA_CONTEXT,4712.96,4747.88,3492.04,DOWN,BELOW_BOTH,BEARISH,SELL_SIDE,NONE,40.82
