run_id,case_id,base_case_id,phase,actual_symbol,canonical_symbol,timeframe,period_from,period_to,execution_status,report_artifact_status,total_trades,event_time,classification,regime,spread,spread_bucket,session_bucket,direction,entry_reference_price,outcome_label,limitation,source_file
run_20260707_151857,GOLD_HASH_H1_PAF_DIAG_AQ_aq_w1_20260101_20260201,GOLD_HASH_H1_PAF_DIAG_AQ,aq_w1_20260101_20260201,GOLD#,GOLD,H1,2026-01-01,2026-02-01,PASS,FOUND,0,2026.01.02 08:00:00,POSSIBLE_FIBO_PULLBACK,trend,17.0,LOW_SPREAD,LONDON,,,DIRECTION_MISSING,diagnostic log has no direction field,ea_mirror.log
run_20260707_151857,GOLD_HASH_H1_PAF_DIAG_AQ_aq_w1_20260101_20260201,GOLD_HASH_H1_PAF_DIAG_AQ,aq_w1_20260101_20260201,GOLD#,GOLD,H1,2026-01-01,2026-02-01,PASS,FOUND,0,2026.01.02 11:00:00,POSSIBLE_ZONE_REJECTION,trend,16.0,LOW_SPREAD,LONDON,,,DIRECTION_MISSING,diagnostic log has no direction field,ea_mirror.log
run_20260707_151857,GOLD_HASH_H1_PAF_DIAG_AQ_aq_w1_20260101_20260201,GOLD_HASH_H1_PAF_DIAG_AQ,aq_w1_20260101_20260201,GOLD#,GOLD,H1,2026-01-01,2026-02-01,PASS,FOUND,0,2026.01.02 13:00:00,POSSIBLE_ZONE_REJECTION,trend,19.0,LOW_SPREAD,OVERLAP,,,DIRECTION_MISSING,diagnostic log has no direction field,ea_mirror.log
run_20260707_151857,GOLD_HASH_H1_PAF_DIAG_AQ_aq_w1_20260101_20260201,GOLD_HASH_H1_PAF_DIAG_AQ,aq_w1_20260101_20260201,GOLD#,GOLD,H1,2026-01-01,2026-02-01,PASS,FOUND,0,2026.01.02 15:00:00,POSSIBLE_ZONE_REJECTION,trend,16.0,LOW_SPREAD,OVERLAP,,,DIRECTION_MISSING,diagnostic log has no direction field,ea_mirror.log
run_20260707_151857,GOLD_HASH_H1_PAF_DIAG_AQ_aq_w1_20260101_20260201,GOLD_HASH_H1_PAF_DIAG_AQ,aq_w1_20260101_20260201,GOLD#,GOLD,H1,2026-01-01,2026-02-01,PASS,FOUND,0,2026.01.05 01:00:00,POSSIBLE_FIBO_PULLBACK,trend,20.0,LOW_SPREAD,ASIA,,,DIRECTION_MISSING,diagnostic log has no direction field,ea_mirror.log
run_20260707_151857,GOLD_HASH_H1_PAF_DIAG_AQ_aq_w1_20260101_20260201,GOLD_HASH_H1_PAF_DIAG_AQ,aq_w1_20260101_20260201,GOLD#,GOLD,H1,2026-01-01,2026-02-01,PASS,FOUND,0,2026.01.05 04:00:00,POSSIBLE_ZONE_REJECTION,trend,18.0,LOW_SPREAD,ASIA,,,DIRECTION_MISSING,diagnostic log has no direction field,ea_mirror.log
run_20260707_151857,GOLD_HASH_H1_PAF_DIAG_AQ_aq_w1_20260101_20260201,GOLD_HASH_H1_PAF_DIAG_AQ,aq_w1_20260101_20260201,GOLD#,GOLD,H1,2026-01-01,2026-02-01,PASS,FOUND,0,2026.01.05 10:00:00,POSSIBLE_ZONE_REJECTION,trend,17.0,LOW_SPREAD,LONDON,,,DIRECTION_MISSING,diagnostic log has no direction field,ea_mirror.log
run_20260707_151857,GOLD_HASH_H1_PAF_DIAG_AQ_aq_w1_20260101_20260201,GOLD_HASH_H1_PAF_DIAG_AQ,aq_w1_20260101_20260201,GOLD#,GOLD,H1,2026-01-01,2026-02-01,PASS,FOUND,0,2026.01.05 11:00:00,POSSIBLE_BREAK_RETEST,trend,16.0,LOW_SPREAD,LONDON,,,DIRECTION_MISSING,diagnostic log has no direction field,ea_mirror.log
run_20260707_151857,GOLD_HASH_H1_PAF_DIAG_AQ_aq_w1_20260101_20260201,GOLD_HASH_H1_PAF_DIAG_AQ,aq_w1_20260101_20260201,GOLD#,GOLD,H1,2026-01-01,2026-02-01,PASS,FOUND,0,2026.01.05 13:00:00,POSSIBLE_ZONE_REJECTION,trend,16.0,LOW_SPREAD,OVERLAP,,,DIRECTION_MISSING,diagnostic log has no direction field,ea_mirror.log
run_20260707_151857,GOLD_HASH_H1_PAF_DIAG_AQ_aq_w1_20260101_20260201,GOLD_HASH_H1_PAF_DIAG_AQ,aq_w1_20260101_20260201,GOLD#,GOLD,H1,2026-01-01,2026-02-01,PASS,FOUND,0,2026.01.05 18:00:00,POSSIBLE_BREAK_RETEST,trend,17.0,LOW_SPREAD,NEW_YORK,,,DIRECTION_MISSING,diagnostic log has no direction field,ea_mirror.log
run_20260707_151857,GOLD_HASH_H1_PAF_DIAG_AQ_aq_w1_20260101_20260201,GOLD_HASH_H1_PAF_DIAG_AQ,aq_w1_20260101_20260201,GOLD#,GOLD,H1,2026-01-01,2026-02-01,PASS,FOUND,0,2026.01.06 06:00:00,POSSIBLE_BREAK_RETEST,trend,19.0,LOW_SPREAD,ASIA,,,DIRECTION_MISSING,diagnostic log has no direction field,ea_mirror.log
run_20260707_151857,GOLD_HASH_H1_PAF_DIAG_AQ_aq_w1_20260101_20260201,GOLD_HASH_H1_PAF_DIAG_AQ,aq_w1_20260101_20260201,GOLD#,GOLD,H1,2026-01-01,2026-02-01,PASS,FOUND,0,2026.01.06 07:00:00,POSSIBLE_ZONE_REJECTION,trend,19.0,LOW_SPREAD,ASIA,,,DIRECTION_MISSING,diagnostic log has no direction field,ea_mirror.log
run_20260707_151857,GOLD_HASH_H1_PAF_DIAG_AQ_aq_w1_20260101_20260201,GOLD_HASH_H1_PAF_DIAG_AQ,aq_w1_20260101_20260201,GOLD#,GOLD,H1,2026-01-01,2026-02-01,PASS,FOUND,0,2026.01.06 11:00:00,POSSIBLE_ZONE_REJECTION,trend,17.0,LOW_SPREAD,LONDON,,,DIRECTION_MISSING,diagnostic log has no direction field,ea_mirror.log
run_20260707_151857,GOLD_HASH_H1_PAF_DIAG_AQ_aq_w1_20260101_20260201,GOLD_HASH_H1_PAF_DIAG_AQ,aq_w1_20260101_20260201,GOLD#,GOLD,H1,2026-01-01,2026-02-01,PASS,FOUND,0,2026.01.06 19:00:00,POSSIBLE_ZONE_REJECTION,trend,16.0,LOW_SPREAD,NEW_YORK,,,DIRECTION_MISSING,diagnostic log has no direction field,ea_mirror.log
run_20260707_151857,GOLD_HASH_H1_PAF_DIAG_AQ_aq_w1_20260101_20260201,GOLD_HASH_H1_PAF_DIAG_AQ,aq_w1_20260101_20260201,GOLD#,GOLD,H1,2026-01-01,2026-02-01,PASS,FOUND,0,2026.01.06 20:00:00,POSSIBLE_ZONE_REJECTION,trend,16.0,LOW_SPREAD,NEW_YORK,,,DIRECTION_MISSING,diagnostic log has no direction field,ea_mirror.log
run_20260707_151857,GOLD_HASH_H1_PAF_DIAG_AQ_aq_w1_20260101_20260201,GOLD_HASH_H1_PAF_DIAG_AQ,aq_w1_20260101_20260201,GOLD#,GOLD,H1,2026-01-01,2026-02-01,PASS,FOUND,0,2026.01.06 21:00:00,POSSIBLE_ZONE_REJECTION,trend,17.0,LOW_SPREAD,NEW_YORK,,,DIRECTION_MISSING,diagnostic log has no direction field,ea_mirror.log
run_20260707_151857,GOLD_HASH_H1_PAF_DIAG_AQ_aq_w1_20260101_20260201,GOLD_HASH_H1_PAF_DIAG_AQ,aq_w1_20260101_20260201,GOLD#,GOLD,H1,2026-01-01,2026-02-01,PASS,FOUND,0,2026.01.06 23:00:00,POSSIBLE_ZONE_REJECTION,trend,18.0,LOW_SPREAD,OTHER,,,DIRECTION_MISSING,diagnostic log has no direction field,ea_mirror.log
run_20260707_151857,GOLD_HASH_H1_PAF_DIAG_AQ_aq_w1_20260101_20260201,GOLD_HASH_H1_PAF_DIAG_AQ,aq_w1_20260101_20260201,GOLD#,GOLD,H1,2026-01-01,2026-02-01,PASS,FOUND,0,2026.01.07 01:00:00,POSSIBLE_ZONE_REJECTION,trend,20.0,LOW_SPREAD,ASIA,,,DIRECTION_MISSING,diagnostic log has no direction field,ea_mirror.log
run_20260707_151857,GOLD_HASH_H1_PAF_DIAG_AQ_aq_w1_20260101_20260201,GOLD_HASH_H1_PAF_DIAG_AQ,aq_w1_20260101_20260201,GOLD#,GOLD,H1,2026-01-01,2026-02-01,PASS,FOUND,0,2026.01.07 02:00:00,POSSIBLE_ZONE_REJECTION,trend,19.0,LOW_SPREAD,ASIA,,,DIRECTION_MISSING,diagnostic log has no direction field,ea_mirror.log
run_20260707_151857,GOLD_HASH_H1_PAF_DIAG_AQ_aq_w1_20260101_20260201,GOLD_HASH_H1_PAF_DIAG_AQ,aq_w1_20260101_20260201,GOLD#,GOLD,H1,2026-01-01,2026-02-01,PASS,FOUND,0,2026.01.07 06:00:00,POSSIBLE_FIBO_PULLBACK,trend,19.0,LOW_SPREAD,ASIA,,,DIRECTION_MISSING,diagnostic log has no direction field,ea_mirror.log
run_20260707_151857,GOLD_HASH_H1_PAF_DIAG_AQ_aq_w1_20260101_20260201,GOLD_HASH_H1_PAF_DIAG_AQ,aq_w1_20260101_20260201,GOLD#,GOLD,H1,2026-01-01,2026-02-01,PASS,FOUND,0,2026.01.07 10:00:00,POSSIBLE_FIBO_PULLBACK,trend,20.0,LOW_SPREAD,LONDON,,,DIRECTION_MISSING,diagnostic log has no direction field,ea_mirror.log
run_20260707_151857,GOLD_HASH_H1_PAF_DIAG_AQ_aq_w1_20260101_20260201,GOLD_HASH_H1_PAF_DIAG_AQ,aq_w1_20260101_20260201,GOLD#,GOLD,H1,2026-01-01,2026-02-01,PASS,FOUND,0,2026.01.07 13:00:00,POSSIBLE_FIBO_PULLBACK,trend,17.0,LOW_SPREAD,OVERLAP,,,DIRECTION_MISSING,diagnostic log has no direction field,ea_mirror.log
run_20260707_151857,GOLD_HASH_H1_PAF_DIAG_AQ_aq_w1_20260101_20260201,GOLD_HASH_H1_PAF_DIAG_AQ,aq_w1_20260101_20260201,GOLD#,GOLD,H1,2026-01-01,2026-02-01,PASS,FOUND,0,2026.01.07 14:00:00,POSSIBLE_ZONE_REJECTION,trend,18.0,LOW_SPREAD,OVERLAP,,,DIRECTION_MISSING,diagnostic log has no direction field,ea_mirror.log
run_20260707_151857,GOLD_HASH_H1_PAF_DIAG_AQ_aq_w1_20260101_20260201,GOLD_HASH_H1_PAF_DIAG_AQ,aq_w1_20260101_20260201,GOLD#,GOLD,H1,2026-01-01,2026-02-01,PASS,FOUND,0,2026.01.07 15:00:00,POSSIBLE_ZONE_REJECTION,trend,18.0,LOW_SPREAD,OVERLAP,,,DIRECTION_MISSING,diagnostic log has no direction field,ea_mirror.log
run_20260707_151857,GOLD_HASH_H1_PAF_DIAG_AQ_aq_w1_20260101_20260201,GOLD_HASH_H1_PAF_DIAG_AQ,aq_w1_20260101_20260201,GOLD#,GOLD,H1,2026-01-01,2026-02-01,PASS,FOUND,0,2026.01.07 16:00:00,POSSIBLE_FIBO_PULLBACK,trend,19.0,LOW_SPREAD,OVERLAP,,,DIRECTION_MISSING,diagnostic log has no direction field,ea_mirror.log
run_20260707_151857,GOLD_HASH_H1_PAF_DIAG_AQ_aq_w1_20260101_20260201,GOLD_HASH_H1_PAF_DIAG_AQ,aq_w1_20260101_20260201,GOLD#,GOLD,H1,2026-01-01,2026-02-01,PASS,FOUND,0,2026.01.07 18:00:00,POSSIBLE_FIBO_PULLBACK,trend,17.0,LOW_SPREAD,NEW_YORK,,,DIRECTION_MISSING,diagnostic log has no direction field,ea_mirror.log
run_20260707_151857,GOLD_HASH_H1_PAF_DIAG_AQ_aq_w1_20260101_20260201,GOLD_HASH_H1_PAF_DIAG_AQ,aq_w1_20260101_20260201,GOLD#,GOLD,H1,2026-01-01,2026-02-01,PASS,FOUND,0,2026.01.07 21:00:00,POSSIBLE_FIBO_PULLBACK,breakout,18.0,LOW_SPREAD,NEW_YORK,,,DIRECTION_MISSING,diagnostic log has no direction field,ea_mirror.log
run_20260707_151857,GOLD_HASH_H1_PAF_DIAG_AQ_aq_w1_20260101_20260201,GOLD_HASH_H1_PAF_DIAG_AQ,aq_w1_20260101_20260201,GOLD#,GOLD,H1,2026-01-01,2026-02-01,PASS,FOUND,0,2026.01.08 04:00:00,POSSIBLE_FIBO_PULLBACK,trend,18.0,LOW_SPREAD,ASIA,,,DIRECTION_MISSING,diagnostic log has no direction field,ea_mirror.log
run_20260707_151857,GOLD_HASH_H1_PAF_DIAG_AQ_aq_w1_20260101_20260201,GOLD_HASH_H1_PAF_DIAG_AQ,aq_w1_20260101_20260201,GOLD#,GOLD,H1,2026-01-01,2026-02-01,PASS,FOUND,0,2026.01.08 06:00:00,POSSIBLE_FIBO_PULLBACK,trend,17.0,LOW_SPREAD,ASIA,,,DIRECTION_MISSING,diagnostic log has no direction field,ea_mirror.log
run_20260707_151857,GOLD_HASH_H1_PAF_DIAG_AQ_aq_w1_20260101_20260201,GOLD_HASH_H1_PAF_DIAG_AQ,aq_w1_20260101_20260201,GOLD#,GOLD,H1,2026-01-01,2026-02-01,PASS,FOUND,0,2026.01.08 09:00:00,POSSIBLE_FIBO_PULLBACK,trend,17.0,LOW_SPREAD,LONDON,,,DIRECTION_MISSING,diagnostic log has no direction field,ea_mirror.log
run_20260707_151857,GOLD_HASH_H1_PAF_DIAG_AQ_aq_w1_20260101_20260201,GOLD_HASH_H1_PAF_DIAG_AQ,aq_w1_20260101_20260201,GOLD#,GOLD,H1,2026-01-01,2026-02-01,PASS,FOUND,0,2026.01.08 10:00:00,POSSIBLE_FIBO_PULLBACK,trend,18.0,LOW_SPREAD,LONDON,,,DIRECTION_MISSING,diagnostic log has no direction field,ea_mirror.log
run_20260707_151857,GOLD_HASH_H1_PAF_DIAG_AQ_aq_w1_20260101_20260201,GOLD_HASH_H1_PAF_DIAG_AQ,aq_w1_20260101_20260201,GOLD#,GOLD,H1,2026-01-01,2026-02-01,PASS,FOUND,0,2026.01.08 11:00:00,POSSIBLE_FIBO_PULLBACK,trend,16.0,LOW_SPREAD,LONDON,,,DIRECTION_MISSING,diagnostic log has no direction field,ea_mirror.log
run_20260707_151857,GOLD_HASH_H1_PAF_DIAG_AQ_aq_w1_20260101_20260201,GOLD_HASH_H1_PAF_DIAG_AQ,aq_w1_20260101_20260201,GOLD#,GOLD,H1,2026-01-01,2026-02-01,PASS,FOUND,0,2026.01.08 12:00:00,POSSIBLE_FIBO_PULLBACK,trend,17.0,LOW_SPREAD,LONDON,,,DIRECTION_MISSING,diagnostic log has no direction field,ea_mirror.log
run_20260707_151857,GOLD_HASH_H1_PAF_DIAG_AQ_aq_w1_20260101_20260201,GOLD_HASH_H1_PAF_DIAG_AQ,aq_w1_20260101_20260201,GOLD#,GOLD,H1,2026-01-01,2026-02-01,PASS,FOUND,0,2026.01.08 13:00:00,POSSIBLE_FIBO_PULLBACK,trend,17.0,LOW_SPREAD,OVERLAP,,,DIRECTION_MISSING,diagnostic log has no direction field,ea_mirror.log
run_20260707_151857,GOLD_HASH_H1_PAF_DIAG_AQ_aq_w1_20260101_20260201,GOLD_HASH_H1_PAF_DIAG_AQ,aq_w1_20260101_20260201,GOLD#,GOLD,H1,2026-01-01,2026-02-01,PASS,FOUND,0,2026.01.08 15:00:00,POSSIBLE_FIBO_PULLBACK,trend,16.0,LOW_SPREAD,OVERLAP,,,DIRECTION_MISSING,diagnostic log has no direction field,ea_mirror.log
run_20260707_151857,GOLD_HASH_H1_PAF_DIAG_AQ_aq_w1_20260101_20260201,GOLD_HASH_H1_PAF_DIAG_AQ,aq_w1_20260101_20260201,GOLD#,GOLD,H1,2026-01-01,2026-02-01,PASS,FOUND,0,2026.01.08 16:00:00,POSSIBLE_FIBO_PULLBACK,trend,17.0,LOW_SPREAD,OVERLAP,,,DIRECTION_MISSING,diagnostic log has no direction field,ea_mirror.log
run_20260707_151857,GOLD_HASH_H1_PAF_DIAG_AQ_aq_w1_20260101_20260201,GOLD_HASH_H1_PAF_DIAG_AQ,aq_w1_20260101_20260201,GOLD#,GOLD,H1,2026-01-01,2026-02-01,PASS,FOUND,0,2026.01.08 17:00:00,POSSIBLE_FIBO_PULLBACK,trend,17.0,LOW_SPREAD,NEW_YORK,,,DIRECTION_MISSING,diagnostic log has no direction field,ea_mirror.log
run_20260707_151857,GOLD_HASH_H1_PAF_DIAG_AQ_aq_w1_20260101_20260201,GOLD_HASH_H1_PAF_DIAG_AQ,aq_w1_20260101_20260201,GOLD#,GOLD,H1,2026-01-01,2026-02-01,PASS,FOUND,0,2026.01.08 20:00:00,POSSIBLE_ZONE_REJECTION,trend,16.0,LOW_SPREAD,NEW_YORK,,,DIRECTION_MISSING,diagnostic log has no direction field,ea_mirror.log
run_20260707_151857,GOLD_HASH_H1_PAF_DIAG_AQ_aq_w1_20260101_20260201,GOLD_HASH_H1_PAF_DIAG_AQ,aq_w1_20260101_20260201,GOLD#,GOLD,H1,2026-01-01,2026-02-01,PASS,FOUND,0,2026.01.09 01:00:00,POSSIBLE_ZONE_REJECTION,trend,18.0,LOW_SPREAD,ASIA,,,DIRECTION_MISSING,diagnostic log has no direction field,ea_mirror.log
run_20260707_151857,GOLD_HASH_H1_PAF_DIAG_AQ_aq_w1_20260101_20260201,GOLD_HASH_H1_PAF_DIAG_AQ,aq_w1_20260101_20260201,GOLD#,GOLD,H1,2026-01-01,2026-02-01,PASS,FOUND,0,2026.01.09 02:00:00,POSSIBLE_ZONE_REJECTION,trend,18.0,LOW_SPREAD,ASIA,,,DIRECTION_MISSING,diagnostic log has no direction field,ea_mirror.log
run_20260707_151857,GOLD_HASH_H1_PAF_DIAG_AQ_aq_w1_20260101_20260201,GOLD_HASH_H1_PAF_DIAG_AQ,aq_w1_20260101_20260201,GOLD#,GOLD,H1,2026-01-01,2026-02-01,PASS,FOUND,0,2026.01.12 02:00:00,POSSIBLE_BREAK_RETEST,trend,22.0,NORMAL_SPREAD,ASIA,,,DIRECTION_MISSING,diagnostic log has no direction field,ea_mirror.log
run_20260707_151857,GOLD_HASH_H1_PAF_DIAG_AQ_aq_w1_20260101_20260201,GOLD_HASH_H1_PAF_DIAG_AQ,aq_w1_20260101_20260201,GOLD#,GOLD,H1,2026-01-01,2026-02-01,PASS,FOUND,0,2026.01.12 03:00:00,POSSIBLE_BREAK_RETEST,trend,19.0,LOW_SPREAD,ASIA,,,DIRECTION_MISSING,diagnostic log has no direction field,ea_mirror.log
run_20260707_151857,GOLD_HASH_H1_PAF_DIAG_AQ_aq_w1_20260101_20260201,GOLD_HASH_H1_PAF_DIAG_AQ,aq_w1_20260101_20260201,GOLD#,GOLD,H1,2026-01-01,2026-02-01,PASS,FOUND,0,2026.01.12 18:00:00,POSSIBLE_ZONE_REJECTION,trend,17.0,LOW_SPREAD,NEW_YORK,,,DIRECTION_MISSING,diagnostic log has no direction field,ea_mirror.log
run_20260707_151857,GOLD_HASH_H1_PAF_DIAG_AQ_aq_w1_20260101_20260201,GOLD_HASH_H1_PAF_DIAG_AQ,aq_w1_20260101_20260201,GOLD#,GOLD,H1,2026-01-01,2026-02-01,PASS,FOUND,0,2026.01.13 02:00:00,POSSIBLE_FIBO_PULLBACK,trend,16.0,LOW_SPREAD,ASIA,,,DIRECTION_MISSING,diagnostic log has no direction field,ea_mirror.log
run_20260707_151857,GOLD_HASH_H1_PAF_DIAG_AQ_aq_w1_20260101_20260201,GOLD_HASH_H1_PAF_DIAG_AQ,aq_w1_20260101_20260201,GOLD#,GOLD,H1,2026-01-01,2026-02-01,PASS,FOUND,0,2026.01.13 05:00:00,POSSIBLE_FIBO_PULLBACK,trend,17.0,LOW_SPREAD,ASIA,,,DIRECTION_MISSING,diagnostic log has no direction field,ea_mirror.log
run_20260707_151857,GOLD_HASH_H1_PAF_DIAG_AQ_aq_w1_20260101_20260201,GOLD_HASH_H1_PAF_DIAG_AQ,aq_w1_20260101_20260201,GOLD#,GOLD,H1,2026-01-01,2026-02-01,PASS,FOUND,0,2026.01.13 06:00:00,POSSIBLE_FIBO_PULLBACK,trend,17.0,LOW_SPREAD,ASIA,,,DIRECTION_MISSING,diagnostic log has no direction field,ea_mirror.log
run_20260707_151857,GOLD_HASH_H1_PAF_DIAG_AQ_aq_w1_20260101_20260201,GOLD_HASH_H1_PAF_DIAG_AQ,aq_w1_20260101_20260201,GOLD#,GOLD,H1,2026-01-01,2026-02-01,PASS,FOUND,0,2026.01.13 10:00:00,POSSIBLE_ZONE_REJECTION,trend,17.0,LOW_SPREAD,LONDON,,,DIRECTION_MISSING,diagnostic log has no direction field,ea_mirror.log
run_20260707_151857,GOLD_HASH_H1_PAF_DIAG_AQ_aq_w1_20260101_20260201,GOLD_HASH_H1_PAF_DIAG_AQ,aq_w1_20260101_20260201,GOLD#,GOLD,H1,2026-01-01,2026-02-01,PASS,FOUND,0,2026.01.13 11:00:00,POSSIBLE_FIBO_PULLBACK,trend,17.0,LOW_SPREAD,LONDON,,,DIRECTION_MISSING,diagnostic log has no direction field,ea_mirror.log
run_20260707_151857,GOLD_HASH_H1_PAF_DIAG_AQ_aq_w1_20260101_20260201,GOLD_HASH_H1_PAF_DIAG_AQ,aq_w1_20260101_20260201,GOLD#,GOLD,H1,2026-01-01,2026-02-01,PASS,FOUND,0,2026.01.13 13:00:00,POSSIBLE_FIBO_PULLBACK,trend,17.0,LOW_SPREAD,OVERLAP,,,DIRECTION_MISSING,diagnostic log has no direction field,ea_mirror.log
run_20260707_151857,GOLD_HASH_H1_PAF_DIAG_AQ_aq_w1_20260101_20260201,GOLD_HASH_H1_PAF_DIAG_AQ,aq_w1_20260101_20260201,GOLD#,GOLD,H1,2026-01-01,2026-02-01,PASS,FOUND,0,2026.01.13 15:00:00,POSSIBLE_FIBO_PULLBACK,trend,17.0,LOW_SPREAD,OVERLAP,,,DIRECTION_MISSING,diagnostic log has no direction field,ea_mirror.log
run_20260707_151857,GOLD_HASH_H1_PAF_DIAG_AQ_aq_w1_20260101_20260201,GOLD_HASH_H1_PAF_DIAG_AQ,aq_w1_20260101_20260201,GOLD#,GOLD,H1,2026-01-01,2026-02-01,PASS,FOUND,0,2026.01.13 21:00:00,POSSIBLE_FIBO_PULLBACK,breakout,16.0,LOW_SPREAD,NEW_YORK,,,DIRECTION_MISSING,diagnostic log has no direction field,ea_mirror.log
run_20260707_151857,GOLD_HASH_H1_PAF_DIAG_AQ_aq_w1_20260101_20260201,GOLD_HASH_H1_PAF_DIAG_AQ,aq_w1_20260101_20260201,GOLD#,GOLD,H1,2026-01-01,2026-02-01,PASS,FOUND,0,2026.01.14 01:00:00,POSSIBLE_FIBO_PULLBACK,breakout,20.0,LOW_SPREAD,ASIA,,,DIRECTION_MISSING,diagnostic log has no direction field,ea_mirror.log
run_20260707_151857,GOLD_HASH_H1_PAF_DIAG_AQ_aq_w1_20260101_20260201,GOLD_HASH_H1_PAF_DIAG_AQ,aq_w1_20260101_20260201,GOLD#,GOLD,H1,2026-01-01,2026-02-01,PASS,FOUND,0,2026.01.14 07:00:00,POSSIBLE_ZONE_REJECTION,trend,17.0,LOW_SPREAD,ASIA,,,DIRECTION_MISSING,diagnostic log has no direction field,ea_mirror.log
run_20260707_151857,GOLD_HASH_H1_PAF_DIAG_AQ_aq_w1_20260101_20260201,GOLD_HASH_H1_PAF_DIAG_AQ,aq_w1_20260101_20260201,GOLD#,GOLD,H1,2026-01-01,2026-02-01,PASS,FOUND,0,2026.01.14 11:00:00,POSSIBLE_ZONE_REJECTION,trend,18.0,LOW_SPREAD,LONDON,,,DIRECTION_MISSING,diagnostic log has no direction field,ea_mirror.log
run_20260707_151857,GOLD_HASH_H1_PAF_DIAG_AQ_aq_w1_20260101_20260201,GOLD_HASH_H1_PAF_DIAG_AQ,aq_w1_20260101_20260201,GOLD#,GOLD,H1,2026-01-01,2026-02-01,PASS,FOUND,0,2026.01.14 16:00:00,POSSIBLE_ZONE_REJECTION,trend,18.0,LOW_SPREAD,OVERLAP,,,DIRECTION_MISSING,diagnostic log has no direction field,ea_mirror.log
run_20260707_151857,GOLD_HASH_H1_PAF_DIAG_AQ_aq_w1_20260101_20260201,GOLD_HASH_H1_PAF_DIAG_AQ,aq_w1_20260101_20260201,GOLD#,GOLD,H1,2026-01-01,2026-02-01,PASS,FOUND,0,2026.01.14 21:00:00,POSSIBLE_ZONE_REJECTION,trend,17.0,LOW_SPREAD,NEW_YORK,,,DIRECTION_MISSING,diagnostic log has no direction field,ea_mirror.log
run_20260707_151857,GOLD_HASH_H1_PAF_DIAG_AQ_aq_w1_20260101_20260201,GOLD_HASH_H1_PAF_DIAG_AQ,aq_w1_20260101_20260201,GOLD#,GOLD,H1,2026-01-01,2026-02-01,PASS,FOUND,0,2026.01.15 03:00:00,POSSIBLE_FIBO_PULLBACK,trend,17.0,LOW_SPREAD,ASIA,,,DIRECTION_MISSING,diagnostic log has no direction field,ea_mirror.log
run_20260707_151857,GOLD_HASH_H1_PAF_DIAG_AQ_aq_w1_20260101_20260201,GOLD_HASH_H1_PAF_DIAG_AQ,aq_w1_20260101_20260201,GOLD#,GOLD,H1,2026-01-01,2026-02-01,PASS,FOUND,0,2026.01.15 05:00:00,POSSIBLE_FIBO_PULLBACK,trend,18.0,LOW_SPREAD,ASIA,,,DIRECTION_MISSING,diagnostic log has no direction field,ea_mirror.log
run_20260707_151857,GOLD_HASH_H1_PAF_DIAG_AQ_aq_w1_20260101_20260201,GOLD_HASH_H1_PAF_DIAG_AQ,aq_w1_20260101_20260201,GOLD#,GOLD,H1,2026-01-01,2026-02-01,PASS,FOUND,0,2026.01.15 08:00:00,POSSIBLE_FIBO_PULLBACK,trend,18.0,LOW_SPREAD,LONDON,,,DIRECTION_MISSING,diagnostic log has no direction field,ea_mirror.log
run_20260707_151857,GOLD_HASH_H1_PAF_DIAG_AQ_aq_w1_20260101_20260201,GOLD_HASH_H1_PAF_DIAG_AQ,aq_w1_20260101_20260201,GOLD#,GOLD,H1,2026-01-01,2026-02-01,PASS,FOUND,0,2026.01.15 14:00:00,POSSIBLE_FIBO_PULLBACK,trend,18.0,LOW_SPREAD,OVERLAP,,,DIRECTION_MISSING,diagnostic log has no direction field,ea_mirror.log
run_20260707_151857,GOLD_HASH_H1_PAF_DIAG_AQ_aq_w1_20260101_20260201,GOLD_HASH_H1_PAF_DIAG_AQ,aq_w1_20260101_20260201,GOLD#,GOLD,H1,2026-01-01,2026-02-01,PASS,FOUND,0,2026.01.16 06:00:00,POSSIBLE_FIBO_PULLBACK,trend,18.0,LOW_SPREAD,ASIA,,,DIRECTION_MISSING,diagnostic log has no direction field,ea_mirror.log
run_20260707_151857,GOLD_HASH_H1_PAF_DIAG_AQ_aq_w1_20260101_20260201,GOLD_HASH_H1_PAF_DIAG_AQ,aq_w1_20260101_20260201,GOLD#,GOLD,H1,2026-01-01,2026-02-01,PASS,FOUND,0,2026.01.19 02:00:00,POSSIBLE_BREAK_RETEST,breakout,18.0,LOW_SPREAD,ASIA,,,DIRECTION_MISSING,diagnostic log has no direction field,ea_mirror.log
run_20260707_151857,GOLD_HASH_H1_PAF_DIAG_AQ_aq_w1_20260101_20260201,GOLD_HASH_H1_PAF_DIAG_AQ,aq_w1_20260101_20260201,GOLD#,GOLD,H1,2026-01-01,2026-02-01,PASS,FOUND,0,2026.01.20 05:00:00,POSSIBLE_FIBO_PULLBACK,trend,17.0,LOW_SPREAD,ASIA,,,DIRECTION_MISSING,diagnostic log has no direction field,ea_mirror.log
run_20260707_151857,GOLD_HASH_H1_PAF_DIAG_AQ_aq_w1_20260101_20260201,GOLD_HASH_H1_PAF_DIAG_AQ,aq_w1_20260101_20260201,GOLD#,GOLD,H1,2026-01-01,2026-02-01,PASS,FOUND,0,2026.01.20 07:00:00,POSSIBLE_BREAK_RETEST,trend,16.0,LOW_SPREAD,ASIA,,,DIRECTION_MISSING,diagnostic log has no direction field,ea_mirror.log
run_20260707_151857,GOLD_HASH_H1_PAF_DIAG_AQ_aq_w1_20260101_20260201,GOLD_HASH_H1_PAF_DIAG_AQ,aq_w1_20260101_20260201,GOLD#,GOLD,H1,2026-01-01,2026-02-01,PASS,FOUND,0,2026.01.20 08:00:00,POSSIBLE_BREAK_RETEST,trend,16.0,LOW_SPREAD,LONDON,,,DIRECTION_MISSING,diagnostic log has no direction field,ea_mirror.log
run_20260707_151857,GOLD_HASH_H1_PAF_DIAG_AQ_aq_w1_20260101_20260201,GOLD_HASH_H1_PAF_DIAG_AQ,aq_w1_20260101_20260201,GOLD#,GOLD,H1,2026-01-01,2026-02-01,PASS,FOUND,0,2026.01.20 09:00:00,POSSIBLE_ZONE_REJECTION,trend,17.0,LOW_SPREAD,LONDON,,,DIRECTION_MISSING,diagnostic log has no direction field,ea_mirror.log
run_20260707_151857,GOLD_HASH_H1_PAF_DIAG_AQ_aq_w1_20260101_20260201,GOLD_HASH_H1_PAF_DIAG_AQ,aq_w1_20260101_20260201,GOLD#,GOLD,H1,2026-01-01,2026-02-01,PASS,FOUND,0,2026.01.20 10:00:00,POSSIBLE_ZONE_REJECTION,trend,18.0,LOW_SPREAD,LONDON,,,DIRECTION_MISSING,diagnostic log has no direction field,ea_mirror.log
run_20260707_151857,GOLD_HASH_H1_PAF_DIAG_AQ_aq_w1_20260101_20260201,GOLD_HASH_H1_PAF_DIAG_AQ,aq_w1_20260101_20260201,GOLD#,GOLD,H1,2026-01-01,2026-02-01,PASS,FOUND,0,2026.01.20 12:00:00,POSSIBLE_ZONE_REJECTION,trend,17.0,LOW_SPREAD,LONDON,,,DIRECTION_MISSING,diagnostic log has no direction field,ea_mirror.log
run_20260707_151857,GOLD_HASH_H1_PAF_DIAG_AQ_aq_w1_20260101_20260201,GOLD_HASH_H1_PAF_DIAG_AQ,aq_w1_20260101_20260201,GOLD#,GOLD,H1,2026-01-01,2026-02-01,PASS,FOUND,0,2026.01.20 17:00:00,POSSIBLE_ZONE_REJECTION,trend,17.0,LOW_SPREAD,NEW_YORK,,,DIRECTION_MISSING,diagnostic log has no direction field,ea_mirror.log
run_20260707_151857,GOLD_HASH_H1_PAF_DIAG_AQ_aq_w1_20260101_20260201,GOLD_HASH_H1_PAF_DIAG_AQ,aq_w1_20260101_20260201,GOLD#,GOLD,H1,2026-01-01,2026-02-01,PASS,FOUND,0,2026.01.20 21:00:00,POSSIBLE_ZONE_REJECTION,trend,17.0,LOW_SPREAD,NEW_YORK,,,DIRECTION_MISSING,diagnostic log has no direction field,ea_mirror.log
run_20260707_151857,GOLD_HASH_H1_PAF_DIAG_AQ_aq_w1_20260101_20260201,GOLD_HASH_H1_PAF_DIAG_AQ,aq_w1_20260101_20260201,GOLD#,GOLD,H1,2026-01-01,2026-02-01,PASS,FOUND,0,2026.01.20 22:00:00,POSSIBLE_ZONE_REJECTION,trend,19.0,LOW_SPREAD,OTHER,,,DIRECTION_MISSING,diagnostic log has no direction field,ea_mirror.log
run_20260707_151857,GOLD_HASH_H1_PAF_DIAG_AQ_aq_w1_20260101_20260201,GOLD_HASH_H1_PAF_DIAG_AQ,aq_w1_20260101_20260201,GOLD#,GOLD,H1,2026-01-01,2026-02-01,PASS,FOUND,0,2026.01.21 04:00:00,POSSIBLE_BREAK_RETEST,trend,16.0,LOW_SPREAD,ASIA,,,DIRECTION_MISSING,diagnostic log has no direction field,ea_mirror.log
run_20260707_151857,GOLD_HASH_H1_PAF_DIAG_AQ_aq_w1_20260101_20260201,GOLD_HASH_H1_PAF_DIAG_AQ,aq_w1_20260101_20260201,GOLD#,GOLD,H1,2026-01-01,2026-02-01,PASS,FOUND,0,2026.01.21 05:00:00,POSSIBLE_ZONE_REJECTION,trend,17.0,LOW_SPREAD,ASIA,,,DIRECTION_MISSING,diagnostic log has no direction field,ea_mirror.log
run_20260707_151857,GOLD_HASH_H1_PAF_DIAG_AQ_aq_w1_20260101_20260201,GOLD_HASH_H1_PAF_DIAG_AQ,aq_w1_20260101_20260201,GOLD#,GOLD,H1,2026-01-01,2026-02-01,PASS,FOUND,0,2026.01.21 20:00:00,POSSIBLE_FIBO_PULLBACK,trend,16.0,LOW_SPREAD,NEW_YORK,,,DIRECTION_MISSING,diagnostic log has no direction field,ea_mirror.log
run_20260707_151857,GOLD_HASH_H1_PAF_DIAG_AQ_aq_w1_20260101_20260201,GOLD_HASH_H1_PAF_DIAG_AQ,aq_w1_20260101_20260201,GOLD#,GOLD,H1,2026-01-01,2026-02-01,PASS,FOUND,0,2026.01.22 01:00:00,POSSIBLE_FIBO_PULLBACK,trend,21.0,NORMAL_SPREAD,ASIA,,,DIRECTION_MISSING,diagnostic log has no direction field,ea_mirror.log
run_20260707_151857,GOLD_HASH_H1_PAF_DIAG_AQ_aq_w1_20260101_20260201,GOLD_HASH_H1_PAF_DIAG_AQ,aq_w1_20260101_20260201,GOLD#,GOLD,H1,2026-01-01,2026-02-01,PASS,FOUND,0,2026.01.22 11:00:00,POSSIBLE_FIBO_PULLBACK,trend,16.0,LOW_SPREAD,LONDON,,,DIRECTION_MISSING,diagnostic log has no direction field,ea_mirror.log
run_20260707_151857,GOLD_HASH_H1_PAF_DIAG_AQ_aq_w1_20260101_20260201,GOLD_HASH_H1_PAF_DIAG_AQ,aq_w1_20260101_20260201,GOLD#,GOLD,H1,2026-01-01,2026-02-01,PASS,FOUND,0,2026.01.22 14:00:00,POSSIBLE_FIBO_PULLBACK,trend,16.0,LOW_SPREAD,OVERLAP,,,DIRECTION_MISSING,diagnostic log has no direction field,ea_mirror.log
run_20260707_151857,GOLD_HASH_H1_PAF_DIAG_AQ_aq_w1_20260101_20260201,GOLD_HASH_H1_PAF_DIAG_AQ,aq_w1_20260101_20260201,GOLD#,GOLD,H1,2026-01-01,2026-02-01,PASS,FOUND,0,2026.01.22 19:00:00,POSSIBLE_BREAK_RETEST,trend,17.0,LOW_SPREAD,NEW_YORK,,,DIRECTION_MISSING,diagnostic log has no direction field,ea_mirror.log
run_20260707_151857,GOLD_HASH_H1_PAF_DIAG_AQ_aq_w1_20260101_20260201,GOLD_HASH_H1_PAF_DIAG_AQ,aq_w1_20260101_20260201,GOLD#,GOLD,H1,2026-01-01,2026-02-01,PASS,FOUND,0,2026.01.22 21:00:00,POSSIBLE_BREAK_RETEST,trend,18.0,LOW_SPREAD,NEW_YORK,,,DIRECTION_MISSING,diagnostic log has no direction field,ea_mirror.log
run_20260707_151857,GOLD_HASH_H1_PAF_DIAG_AQ_aq_w1_20260101_20260201,GOLD_HASH_H1_PAF_DIAG_AQ,aq_w1_20260101_20260201,GOLD#,GOLD,H1,2026-01-01,2026-02-01,PASS,FOUND,0,2026.01.22 22:00:00,POSSIBLE_ZONE_REJECTION,trend,17.0,LOW_SPREAD,OTHER,,,DIRECTION_MISSING,diagnostic log has no direction field,ea_mirror.log
run_20260707_151857,GOLD_HASH_H1_PAF_DIAG_AQ_aq_w1_20260101_20260201,GOLD_HASH_H1_PAF_DIAG_AQ,aq_w1_20260101_20260201,GOLD#,GOLD,H1,2026-01-01,2026-02-01,PASS,FOUND,0,2026.01.22 23:00:00,POSSIBLE_ZONE_REJECTION,trend,17.0,LOW_SPREAD,OTHER,,,DIRECTION_MISSING,diagnostic log has no direction field,ea_mirror.log
run_20260707_151857,GOLD_HASH_H1_PAF_DIAG_AQ_aq_w1_20260101_20260201,GOLD_HASH_H1_PAF_DIAG_AQ,aq_w1_20260101_20260201,GOLD#,GOLD,H1,2026-01-01,2026-02-01,PASS,FOUND,0,2026.01.23 02:00:00,POSSIBLE_BREAK_RETEST,trend,21.0,NORMAL_SPREAD,ASIA,,,DIRECTION_MISSING,diagnostic log has no direction field,ea_mirror.log
run_20260707_151857,GOLD_HASH_H1_PAF_DIAG_AQ_aq_w1_20260101_20260201,GOLD_HASH_H1_PAF_DIAG_AQ,aq_w1_20260101_20260201,GOLD#,GOLD,H1,2026-01-01,2026-02-01,PASS,FOUND,0,2026.01.23 04:00:00,POSSIBLE_ZONE_REJECTION,trend,20.0,LOW_SPREAD,ASIA,,,DIRECTION_MISSING,diagnostic log has no direction field,ea_mirror.log
run_20260707_151857,GOLD_HASH_H1_PAF_DIAG_AQ_aq_w1_20260101_20260201,GOLD_HASH_H1_PAF_DIAG_AQ,aq_w1_20260101_20260201,GOLD#,GOLD,H1,2026-01-01,2026-02-01,PASS,FOUND,0,2026.01.23 05:00:00,POSSIBLE_ZONE_REJECTION,trend,21.0,NORMAL_SPREAD,ASIA,,,DIRECTION_MISSING,diagnostic log has no direction field,ea_mirror.log
run_20260707_151857,GOLD_HASH_H1_PAF_DIAG_AQ_aq_w1_20260101_20260201,GOLD_HASH_H1_PAF_DIAG_AQ,aq_w1_20260101_20260201,GOLD#,GOLD,H1,2026-01-01,2026-02-01,PASS,FOUND,0,2026.01.23 07:00:00,POSSIBLE_ZONE_REJECTION,trend,17.0,LOW_SPREAD,ASIA,,,DIRECTION_MISSING,diagnostic log has no direction field,ea_mirror.log
run_20260707_151857,GOLD_HASH_H1_PAF_DIAG_AQ_aq_w1_20260101_20260201,GOLD_HASH_H1_PAF_DIAG_AQ,aq_w1_20260101_20260201,GOLD#,GOLD,H1,2026-01-01,2026-02-01,PASS,FOUND,0,2026.01.23 19:00:00,POSSIBLE_BREAK_RETEST,trend,20.0,LOW_SPREAD,NEW_YORK,,,DIRECTION_MISSING,diagnostic log has no direction field,ea_mirror.log
run_20260707_151857,GOLD_HASH_H1_PAF_DIAG_AQ_aq_w1_20260101_20260201,GOLD_HASH_H1_PAF_DIAG_AQ,aq_w1_20260101_20260201,GOLD#,GOLD,H1,2026-01-01,2026-02-01,PASS,FOUND,0,2026.01.23 23:00:00,POSSIBLE_ZONE_REJECTION,trend,16.0,LOW_SPREAD,OTHER,,,DIRECTION_MISSING,diagnostic log has no direction field,ea_mirror.log
run_20260707_151857,GOLD_HASH_H1_PAF_DIAG_AQ_aq_w1_20260101_20260201,GOLD_HASH_H1_PAF_DIAG_AQ,aq_w1_20260101_20260201,GOLD#,GOLD,H1,2026-01-01,2026-02-01,PASS,FOUND,0,2026.01.26 01:00:00,POSSIBLE_ZONE_REJECTION,trend,16.0,LOW_SPREAD,ASIA,,,DIRECTION_MISSING,diagnostic log has no direction field,ea_mirror.log
run_20260707_151857,GOLD_HASH_H1_PAF_DIAG_AQ_aq_w1_20260101_20260201,GOLD_HASH_H1_PAF_DIAG_AQ,aq_w1_20260101_20260201,GOLD#,GOLD,H1,2026-01-01,2026-02-01,PASS,FOUND,0,2026.01.26 02:00:00,POSSIBLE_BREAK_RETEST,trend,23.0,NORMAL_SPREAD,ASIA,,,DIRECTION_MISSING,diagnostic log has no direction field,ea_mirror.log
run_20260707_151857,GOLD_HASH_H1_PAF_DIAG_AQ_aq_w1_20260101_20260201,GOLD_HASH_H1_PAF_DIAG_AQ,aq_w1_20260101_20260201,GOLD#,GOLD,H1,2026-01-01,2026-02-01,PASS,FOUND,0,2026.01.26 03:00:00,POSSIBLE_ZONE_REJECTION,trend,16.0,LOW_SPREAD,ASIA,,,DIRECTION_MISSING,diagnostic log has no direction field,ea_mirror.log
run_20260707_151857,GOLD_HASH_H1_PAF_DIAG_AQ_aq_w1_20260101_20260201,GOLD_HASH_H1_PAF_DIAG_AQ,aq_w1_20260101_20260201,GOLD#,GOLD,H1,2026-01-01,2026-02-01,PASS,FOUND,0,2026.01.26 20:00:00,POSSIBLE_ZONE_REJECTION,trend,17.0,LOW_SPREAD,NEW_YORK,,,DIRECTION_MISSING,diagnostic log has no direction field,ea_mirror.log
run_20260707_151857,GOLD_HASH_H1_PAF_DIAG_AQ_aq_w1_20260101_20260201,GOLD_HASH_H1_PAF_DIAG_AQ,aq_w1_20260101_20260201,GOLD#,GOLD,H1,2026-01-01,2026-02-01,PASS,FOUND,0,2026.01.27 09:00:00,POSSIBLE_ZONE_REJECTION,trend,21.0,NORMAL_SPREAD,LONDON,,,DIRECTION_MISSING,diagnostic log has no direction field,ea_mirror.log
run_20260707_151857,GOLD_HASH_H1_PAF_DIAG_AQ_aq_w1_20260101_20260201,GOLD_HASH_H1_PAF_DIAG_AQ,aq_w1_20260101_20260201,GOLD#,GOLD,H1,2026-01-01,2026-02-01,PASS,FOUND,0,2026.01.27 12:00:00,POSSIBLE_ZONE_REJECTION,trend,17.0,LOW_SPREAD,LONDON,,,DIRECTION_MISSING,diagnostic log has no direction field,ea_mirror.log
run_20260707_151857,GOLD_HASH_H1_PAF_DIAG_AQ_aq_w1_20260101_20260201,GOLD_HASH_H1_PAF_DIAG_AQ,aq_w1_20260101_20260201,GOLD#,GOLD,H1,2026-01-01,2026-02-01,PASS,FOUND,0,2026.01.27 23:00:00,POSSIBLE_BREAK_RETEST,breakout,16.0,LOW_SPREAD,OTHER,,,DIRECTION_MISSING,diagnostic log has no direction field,ea_mirror.log
run_20260707_151857,GOLD_HASH_H1_PAF_DIAG_AQ_aq_w1_20260101_20260201,GOLD_HASH_H1_PAF_DIAG_AQ,aq_w1_20260101_20260201,GOLD#,GOLD,H1,2026-01-01,2026-02-01,PASS,FOUND,0,2026.01.28 01:00:00,POSSIBLE_ZONE_REJECTION,breakout,40.0,NORMAL_SPREAD,ASIA,,,DIRECTION_MISSING,diagnostic log has no direction field,ea_mirror.log
run_20260707_151857,GOLD_HASH_H1_PAF_DIAG_AQ_aq_w1_20260101_20260201,GOLD_HASH_H1_PAF_DIAG_AQ,aq_w1_20260101_20260201,GOLD#,GOLD,H1,2026-01-01,2026-02-01,PASS,FOUND,0,2026.01.28 04:00:00,POSSIBLE_ZONE_REJECTION,trend,16.0,LOW_SPREAD,ASIA,,,DIRECTION_MISSING,diagnostic log has no direction field,ea_mirror.log
run_20260707_151857,GOLD_HASH_H1_PAF_DIAG_AQ_aq_w1_20260101_20260201,GOLD_HASH_H1_PAF_DIAG_AQ,aq_w1_20260101_20260201,GOLD#,GOLD,H1,2026-01-01,2026-02-01,PASS,FOUND,0,2026.01.28 06:00:00,POSSIBLE_ZONE_REJECTION,trend,19.0,LOW_SPREAD,ASIA,,,DIRECTION_MISSING,diagnostic log has no direction field,ea_mirror.log
run_20260707_151857,GOLD_HASH_H1_PAF_DIAG_AQ_aq_w1_20260101_20260201,GOLD_HASH_H1_PAF_DIAG_AQ,aq_w1_20260101_20260201,GOLD#,GOLD,H1,2026-01-01,2026-02-01,PASS,FOUND,0,2026.01.28 08:00:00,POSSIBLE_BREAK_RETEST,trend,19.0,LOW_SPREAD,LONDON,,,DIRECTION_MISSING,diagnostic log has no direction field,ea_mirror.log
run_20260707_151857,GOLD_HASH_H1_PAF_DIAG_AQ_aq_w1_20260101_20260201,GOLD_HASH_H1_PAF_DIAG_AQ,aq_w1_20260101_20260201,GOLD#,GOLD,H1,2026-01-01,2026-02-01,PASS,FOUND,0,2026.01.28 10:00:00,POSSIBLE_BREAK_RETEST,trend,17.0,LOW_SPREAD,LONDON,,,DIRECTION_MISSING,diagnostic log has no direction field,ea_mirror.log
run_20260707_151857,GOLD_HASH_H1_PAF_DIAG_AQ_aq_w1_20260101_20260201,GOLD_HASH_H1_PAF_DIAG_AQ,aq_w1_20260101_20260201,GOLD#,GOLD,H1,2026-01-01,2026-02-01,PASS,FOUND,0,2026.01.28 11:00:00,POSSIBLE_ZONE_REJECTION,trend,19.0,LOW_SPREAD,LONDON,,,DIRECTION_MISSING,diagnostic log has no direction field,ea_mirror.log
run_20260707_151857,GOLD_HASH_H1_PAF_DIAG_AQ_aq_w1_20260101_20260201,GOLD_HASH_H1_PAF_DIAG_AQ,aq_w1_20260101_20260201,GOLD#,GOLD,H1,2026-01-01,2026-02-01,PASS,FOUND,0,2026.01.28 19:00:00,POSSIBLE_ZONE_REJECTION,trend,16.0,LOW_SPREAD,NEW_YORK,,,DIRECTION_MISSING,diagnostic log has no direction field,ea_mirror.log
run_20260707_151857,GOLD_HASH_H1_PAF_DIAG_AQ_aq_w1_20260101_20260201,GOLD_HASH_H1_PAF_DIAG_AQ,aq_w1_20260101_20260201,GOLD#,GOLD,H1,2026-01-01,2026-02-01,PASS,FOUND,0,2026.01.28 20:00:00,POSSIBLE_ZONE_REJECTION,trend,18.0,LOW_SPREAD,NEW_YORK,,,DIRECTION_MISSING,diagnostic log has no direction field,ea_mirror.log
run_20260707_151857,GOLD_HASH_H1_PAF_DIAG_AQ_aq_w1_20260101_20260201,GOLD_HASH_H1_PAF_DIAG_AQ,aq_w1_20260101_20260201,GOLD#,GOLD,H1,2026-01-01,2026-02-01,PASS,FOUND,0,2026.01.28 22:00:00,POSSIBLE_ZONE_REJECTION,trend,16.0,LOW_SPREAD,OTHER,,,DIRECTION_MISSING,diagnostic log has no direction field,ea_mirror.log
run_20260707_151857,GOLD_HASH_H1_PAF_DIAG_AQ_aq_w1_20260101_20260201,GOLD_HASH_H1_PAF_DIAG_AQ,aq_w1_20260101_20260201,GOLD#,GOLD,H1,2026-01-01,2026-02-01,PASS,FOUND,0,2026.01.28 23:00:00,POSSIBLE_BREAK_RETEST,trend,19.0,LOW_SPREAD,OTHER,,,DIRECTION_MISSING,diagnostic log has no direction field,ea_mirror.log
run_20260707_151857,GOLD_HASH_H1_PAF_DIAG_AQ_aq_w1_20260101_20260201,GOLD_HASH_H1_PAF_DIAG_AQ,aq_w1_20260101_20260201,GOLD#,GOLD,H1,2026-01-01,2026-02-01,PASS,FOUND,0,2026.01.29 01:00:00,POSSIBLE_BREAK_RETEST,trend,17.0,LOW_SPREAD,ASIA,,,DIRECTION_MISSING,diagnostic log has no direction field,ea_mirror.log
run_20260707_151857,GOLD_HASH_H1_PAF_DIAG_AQ_aq_w2_20260201_20260301,GOLD_HASH_H1_PAF_DIAG_AQ,aq_w2_20260201_20260301,GOLD#,GOLD,H1,2026-02-01,2026-03-01,PASS,FOUND,0,2026.02.04 17:00:00,POSSIBLE_FIBO_PULLBACK,trend,18.0,LOW_SPREAD,NEW_YORK,,,DIRECTION_MISSING,diagnostic log has no direction field,ea_mirror.log
run_20260707_151857,GOLD_HASH_H1_PAF_DIAG_AQ_aq_w2_20260201_20260301,GOLD_HASH_H1_PAF_DIAG_AQ,aq_w2_20260201_20260301,GOLD#,GOLD,H1,2026-02-01,2026-03-01,PASS,FOUND,0,2026.02.06 22:00:00,POSSIBLE_ZONE_REJECTION,trend,19.0,LOW_SPREAD,OTHER,,,DIRECTION_MISSING,diagnostic log has no direction field,ea_mirror.log
run_20260707_151857,GOLD_HASH_H1_PAF_DIAG_AQ_aq_w2_20260201_20260301,GOLD_HASH_H1_PAF_DIAG_AQ,aq_w2_20260201_20260301,GOLD#,GOLD,H1,2026-02-01,2026-03-01,PASS,FOUND,0,2026.02.09 01:00:00,POSSIBLE_ZONE_REJECTION,trend,48.0,NORMAL_SPREAD,ASIA,,,DIRECTION_MISSING,diagnostic log has no direction field,ea_mirror.log
run_20260707_151857,GOLD_HASH_H1_PAF_DIAG_AQ_aq_w2_20260201_20260301,GOLD_HASH_H1_PAF_DIAG_AQ,aq_w2_20260201_20260301,GOLD#,GOLD,H1,2026-02-01,2026-03-01,PASS,FOUND,0,2026.02.09 02:00:00,POSSIBLE_BREAK_RETEST,trend,23.0,NORMAL_SPREAD,ASIA,,,DIRECTION_MISSING,diagnostic log has no direction field,ea_mirror.log
run_20260707_151857,GOLD_HASH_H1_PAF_DIAG_AQ_aq_w2_20260201_20260301,GOLD_HASH_H1_PAF_DIAG_AQ,aq_w2_20260201_20260301,GOLD#,GOLD,H1,2026-02-01,2026-03-01,PASS,FOUND,0,2026.02.09 09:00:00,POSSIBLE_ZONE_REJECTION,trend,17.0,LOW_SPREAD,LONDON,,,DIRECTION_MISSING,diagnostic log has no direction field,ea_mirror.log
run_20260707_151857,GOLD_HASH_H1_PAF_DIAG_AQ_aq_w2_20260201_20260301,GOLD_HASH_H1_PAF_DIAG_AQ,aq_w2_20260201_20260301,GOLD#,GOLD,H1,2026-02-01,2026-03-01,PASS,FOUND,0,2026.02.09 17:00:00,POSSIBLE_ZONE_REJECTION,trend,18.0,LOW_SPREAD,NEW_YORK,,,DIRECTION_MISSING,diagnostic log has no direction field,ea_mirror.log
run_20260707_151857,GOLD_HASH_H1_PAF_DIAG_AQ_aq_w2_20260201_20260301,GOLD_HASH_H1_PAF_DIAG_AQ,aq_w2_20260201_20260301,GOLD#,GOLD,H1,2026-02-01,2026-03-01,PASS,FOUND,0,2026.02.09 19:00:00,POSSIBLE_BREAK_RETEST,trend,18.0,LOW_SPREAD,NEW_YORK,,,DIRECTION_MISSING,diagnostic log has no direction field,ea_mirror.log
run_20260707_151857,GOLD_HASH_H1_PAF_DIAG_AQ_aq_w2_20260201_20260301,GOLD_HASH_H1_PAF_DIAG_AQ,aq_w2_20260201_20260301,GOLD#,GOLD,H1,2026-02-01,2026-03-01,PASS,FOUND,0,2026.02.10 04:00:00,POSSIBLE_FIBO_PULLBACK,breakout,16.0,LOW_SPREAD,ASIA,,,DIRECTION_MISSING,diagnostic log has no direction field,ea_mirror.log
run_20260707_151857,GOLD_HASH_H1_PAF_DIAG_AQ_aq_w2_20260201_20260301,GOLD_HASH_H1_PAF_DIAG_AQ,aq_w2_20260201_20260301,GOLD#,GOLD,H1,2026-02-01,2026-03-01,PASS,FOUND,0,2026.02.10 05:00:00,POSSIBLE_FIBO_PULLBACK,trend,16.0,LOW_SPREAD,ASIA,,,DIRECTION_MISSING,diagnostic log has no direction field,ea_mirror.log
run_20260707_151857,GOLD_HASH_H1_PAF_DIAG_AQ_aq_w2_20260201_20260301,GOLD_HASH_H1_PAF_DIAG_AQ,aq_w2_20260201_20260301,GOLD#,GOLD,H1,2026-02-01,2026-03-01,PASS,FOUND,0,2026.02.10 12:00:00,POSSIBLE_FIBO_PULLBACK,breakout,18.0,LOW_SPREAD,LONDON,,,DIRECTION_MISSING,diagnostic log has no direction field,ea_mirror.log
run_20260707_151857,GOLD_HASH_H1_PAF_DIAG_AQ_aq_w2_20260201_20260301,GOLD_HASH_H1_PAF_DIAG_AQ,aq_w2_20260201_20260301,GOLD#,GOLD,H1,2026-02-01,2026-03-01,PASS,FOUND,0,2026.02.10 13:00:00,POSSIBLE_FIBO_PULLBACK,trend,16.0,LOW_SPREAD,OVERLAP,,,DIRECTION_MISSING,diagnostic log has no direction field,ea_mirror.log
run_20260707_151857,GOLD_HASH_H1_PAF_DIAG_AQ_aq_w2_20260201_20260301,GOLD_HASH_H1_PAF_DIAG_AQ,aq_w2_20260201_20260301,GOLD#,GOLD,H1,2026-02-01,2026-03-01,PASS,FOUND,0,2026.02.10 15:00:00,POSSIBLE_FIBO_PULLBACK,breakout,17.0,LOW_SPREAD,OVERLAP,,,DIRECTION_MISSING,diagnostic log has no direction field,ea_mirror.log
run_20260707_151857,GOLD_HASH_H1_PAF_DIAG_AQ_aq_w2_20260201_20260301,GOLD_HASH_H1_PAF_DIAG_AQ,aq_w2_20260201_20260301,GOLD#,GOLD,H1,2026-02-01,2026-03-01,PASS,FOUND,0,2026.02.10 17:00:00,POSSIBLE_FIBO_PULLBACK,breakout,16.0,LOW_SPREAD,NEW_YORK,,,DIRECTION_MISSING,diagnostic log has no direction field,ea_mirror.log
run_20260707_151857,GOLD_HASH_H1_PAF_DIAG_AQ_aq_w2_20260201_20260301,GOLD_HASH_H1_PAF_DIAG_AQ,aq_w2_20260201_20260301,GOLD#,GOLD,H1,2026-02-01,2026-03-01,PASS,FOUND,0,2026.02.11 03:00:00,POSSIBLE_FIBO_PULLBACK,breakout,17.0,LOW_SPREAD,ASIA,,,DIRECTION_MISSING,diagnostic log has no direction field,ea_mirror.log
run_20260707_151857,GOLD_HASH_H1_PAF_DIAG_AQ_aq_w2_20260201_20260301,GOLD_HASH_H1_PAF_DIAG_AQ,aq_w2_20260201_20260301,GOLD#,GOLD,H1,2026-02-01,2026-03-01,PASS,FOUND,0,2026.02.11 16:00:00,POSSIBLE_FIBO_PULLBACK,trend,16.0,LOW_SPREAD,OVERLAP,,,DIRECTION_MISSING,diagnostic log has no direction field,ea_mirror.log
run_20260707_151857,GOLD_HASH_H1_PAF_DIAG_AQ_aq_w2_20260201_20260301,GOLD_HASH_H1_PAF_DIAG_AQ,aq_w2_20260201_20260301,GOLD#,GOLD,H1,2026-02-01,2026-03-01,PASS,FOUND,0,2026.02.11 17:00:00,POSSIBLE_FIBO_PULLBACK,trend,16.0,LOW_SPREAD,NEW_YORK,,,DIRECTION_MISSING,diagnostic log has no direction field,ea_mirror.log
run_20260707_151857,GOLD_HASH_H1_PAF_DIAG_AQ_aq_w2_20260201_20260301,GOLD_HASH_H1_PAF_DIAG_AQ,aq_w2_20260201_20260301,GOLD#,GOLD,H1,2026-02-01,2026-03-01,PASS,FOUND,0,2026.02.11 18:00:00,POSSIBLE_FIBO_PULLBACK,trend,19.0,LOW_SPREAD,NEW_YORK,,,DIRECTION_MISSING,diagnostic log has no direction field,ea_mirror.log
run_20260707_151857,GOLD_HASH_H1_PAF_DIAG_AQ_aq_w2_20260201_20260301,GOLD_HASH_H1_PAF_DIAG_AQ,aq_w2_20260201_20260301,GOLD#,GOLD,H1,2026-02-01,2026-03-01,PASS,FOUND,0,2026.02.12 03:00:00,POSSIBLE_FIBO_PULLBACK,trend,16.0,LOW_SPREAD,ASIA,,,DIRECTION_MISSING,diagnostic log has no direction field,ea_mirror.log
run_20260707_151857,GOLD_HASH_H1_PAF_DIAG_AQ_aq_w2_20260201_20260301,GOLD_HASH_H1_PAF_DIAG_AQ,aq_w2_20260201_20260301,GOLD#,GOLD,H1,2026-02-01,2026-03-01,PASS,FOUND,0,2026.02.12 04:00:00,POSSIBLE_FIBO_PULLBACK,trend,18.0,LOW_SPREAD,ASIA,,,DIRECTION_MISSING,diagnostic log has no direction field,ea_mirror.log
run_20260707_151857,GOLD_HASH_H1_PAF_DIAG_AQ_aq_w2_20260201_20260301,GOLD_HASH_H1_PAF_DIAG_AQ,aq_w2_20260201_20260301,GOLD#,GOLD,H1,2026-02-01,2026-03-01,PASS,FOUND,0,2026.02.12 05:00:00,POSSIBLE_FIBO_PULLBACK,trend,18.0,LOW_SPREAD,ASIA,,,DIRECTION_MISSING,diagnostic log has no direction field,ea_mirror.log
run_20260707_151857,GOLD_HASH_H1_PAF_DIAG_AQ_aq_w2_20260201_20260301,GOLD_HASH_H1_PAF_DIAG_AQ,aq_w2_20260201_20260301,GOLD#,GOLD,H1,2026-02-01,2026-03-01,PASS,FOUND,0,2026.02.12 07:00:00,POSSIBLE_FIBO_PULLBACK,breakout,16.0,LOW_SPREAD,ASIA,,,DIRECTION_MISSING,diagnostic log has no direction field,ea_mirror.log
run_20260707_151857,GOLD_HASH_H1_PAF_DIAG_AQ_aq_w2_20260201_20260301,GOLD_HASH_H1_PAF_DIAG_AQ,aq_w2_20260201_20260301,GOLD#,GOLD,H1,2026-02-01,2026-03-01,PASS,FOUND,0,2026.02.12 09:00:00,POSSIBLE_FIBO_PULLBACK,breakout,16.0,LOW_SPREAD,LONDON,,,DIRECTION_MISSING,diagnostic log has no direction field,ea_mirror.log
run_20260707_151857,GOLD_HASH_H1_PAF_DIAG_AQ_aq_w2_20260201_20260301,GOLD_HASH_H1_PAF_DIAG_AQ,aq_w2_20260201_20260301,GOLD#,GOLD,H1,2026-02-01,2026-03-01,PASS,FOUND,0,2026.02.12 20:00:00,POSSIBLE_FIBO_PULLBACK,breakout,18.0,LOW_SPREAD,NEW_YORK,,,DIRECTION_MISSING,diagnostic log has no direction field,ea_mirror.log
run_20260707_151857,GOLD_HASH_H1_PAF_DIAG_AQ_aq_w2_20260201_20260301,GOLD_HASH_H1_PAF_DIAG_AQ,aq_w2_20260201_20260301,GOLD#,GOLD,H1,2026-02-01,2026-03-01,PASS,FOUND,0,2026.02.12 21:00:00,POSSIBLE_FIBO_PULLBACK,trend,16.0,LOW_SPREAD,NEW_YORK,,,DIRECTION_MISSING,diagnostic log has no direction field,ea_mirror.log
run_20260707_151857,GOLD_HASH_H1_PAF_DIAG_AQ_aq_w2_20260201_20260301,GOLD_HASH_H1_PAF_DIAG_AQ,aq_w2_20260201_20260301,GOLD#,GOLD,H1,2026-02-01,2026-03-01,PASS,FOUND,0,2026.02.12 22:00:00,POSSIBLE_FIBO_PULLBACK,trend,16.0,LOW_SPREAD,OTHER,,,DIRECTION_MISSING,diagnostic log has no direction field,ea_mirror.log
run_20260707_151857,GOLD_HASH_H1_PAF_DIAG_AQ_aq_w2_20260201_20260301,GOLD_HASH_H1_PAF_DIAG_AQ,aq_w2_20260201_20260301,GOLD#,GOLD,H1,2026-02-01,2026-03-01,PASS,FOUND,0,2026.02.13 10:00:00,POSSIBLE_FIBO_PULLBACK,breakout,16.0,LOW_SPREAD,LONDON,,,DIRECTION_MISSING,diagnostic log has no direction field,ea_mirror.log
run_20260707_151857,GOLD_HASH_H1_PAF_DIAG_AQ_aq_w2_20260201_20260301,GOLD_HASH_H1_PAF_DIAG_AQ,aq_w2_20260201_20260301,GOLD#,GOLD,H1,2026-02-01,2026-03-01,PASS,FOUND,0,2026.02.13 14:00:00,POSSIBLE_FIBO_PULLBACK,breakout,16.0,LOW_SPREAD,OVERLAP,,,DIRECTION_MISSING,diagnostic log has no direction field,ea_mirror.log
run_20260707_151857,GOLD_HASH_H1_PAF_DIAG_AQ_aq_w2_20260201_20260301,GOLD_HASH_H1_PAF_DIAG_AQ,aq_w2_20260201_20260301,GOLD#,GOLD,H1,2026-02-01,2026-03-01,PASS,FOUND,0,2026.02.16 05:00:00,POSSIBLE_FIBO_PULLBACK,trend,18.0,LOW_SPREAD,ASIA,,,DIRECTION_MISSING,diagnostic log has no direction field,ea_mirror.log
run_20260707_151857,GOLD_HASH_H1_PAF_DIAG_AQ_aq_w2_20260201_20260301,GOLD_HASH_H1_PAF_DIAG_AQ,aq_w2_20260201_20260301,GOLD#,GOLD,H1,2026-02-01,2026-03-01,PASS,FOUND,0,2026.02.16 08:00:00,POSSIBLE_FIBO_PULLBACK,trend,19.0,LOW_SPREAD,LONDON,,,DIRECTION_MISSING,diagnostic log has no direction field,ea_mirror.log
run_20260707_151857,GOLD_HASH_H1_PAF_DIAG_AQ_aq_w2_20260201_20260301,GOLD_HASH_H1_PAF_DIAG_AQ,aq_w2_20260201_20260301,GOLD#,GOLD,H1,2026-02-01,2026-03-01,PASS,FOUND,0,2026.02.17 11:00:00,POSSIBLE_FIBO_PULLBACK,trend,17.0,LOW_SPREAD,LONDON,,,DIRECTION_MISSING,diagnostic log has no direction field,ea_mirror.log
run_20260707_151857,GOLD_HASH_H1_PAF_DIAG_AQ_aq_w2_20260201_20260301,GOLD_HASH_H1_PAF_DIAG_AQ,aq_w2_20260201_20260301,GOLD#,GOLD,H1,2026-02-01,2026-03-01,PASS,FOUND,0,2026.02.17 15:00:00,POSSIBLE_FIBO_PULLBACK,breakout,16.0,LOW_SPREAD,OVERLAP,,,DIRECTION_MISSING,diagnostic log has no direction field,ea_mirror.log
run_20260707_151857,GOLD_HASH_H1_PAF_DIAG_AQ_aq_w2_20260201_20260301,GOLD_HASH_H1_PAF_DIAG_AQ,aq_w2_20260201_20260301,GOLD#,GOLD,H1,2026-02-01,2026-03-01,PASS,FOUND,0,2026.02.17 16:00:00,POSSIBLE_ZONE_REJECTION,breakout,16.0,LOW_SPREAD,OVERLAP,,,DIRECTION_MISSING,diagnostic log has no direction field,ea_mirror.log
run_20260707_151857,GOLD_HASH_H1_PAF_DIAG_AQ_aq_w2_20260201_20260301,GOLD_HASH_H1_PAF_DIAG_AQ,aq_w2_20260201_20260301,GOLD#,GOLD,H1,2026-02-01,2026-03-01,PASS,FOUND,0,2026.02.17 17:00:00,POSSIBLE_ZONE_REJECTION,breakout,16.0,LOW_SPREAD,NEW_YORK,,,DIRECTION_MISSING,diagnostic log has no direction field,ea_mirror.log
run_20260707_151857,GOLD_HASH_H1_PAF_DIAG_AQ_aq_w2_20260201_20260301,GOLD_HASH_H1_PAF_DIAG_AQ,aq_w2_20260201_20260301,GOLD#,GOLD,H1,2026-02-01,2026-03-01,PASS,FOUND,0,2026.02.17 18:00:00,POSSIBLE_FIBO_PULLBACK,breakout,16.0,LOW_SPREAD,NEW_YORK,,,DIRECTION_MISSING,diagnostic log has no direction field,ea_mirror.log
run_20260707_151857,GOLD_HASH_H1_PAF_DIAG_AQ_aq_w2_20260201_20260301,GOLD_HASH_H1_PAF_DIAG_AQ,aq_w2_20260201_20260301,GOLD#,GOLD,H1,2026-02-01,2026-03-01,PASS,FOUND,0,2026.02.18 08:00:00,POSSIBLE_ZONE_REJECTION,trend,18.0,LOW_SPREAD,LONDON,,,DIRECTION_MISSING,diagnostic log has no direction field,ea_mirror.log
run_20260707_151857,GOLD_HASH_H1_PAF_DIAG_AQ_aq_w2_20260201_20260301,GOLD_HASH_H1_PAF_DIAG_AQ,aq_w2_20260201_20260301,GOLD#,GOLD,H1,2026-02-01,2026-03-01,PASS,FOUND,0,2026.02.18 15:00:00,POSSIBLE_ZONE_REJECTION,breakout,16.0,LOW_SPREAD,OVERLAP,,,DIRECTION_MISSING,diagnostic log has no direction field,ea_mirror.log
run_20260707_151857,GOLD_HASH_H1_PAF_DIAG_AQ_aq_w2_20260201_20260301,GOLD_HASH_H1_PAF_DIAG_AQ,aq_w2_20260201_20260301,GOLD#,GOLD,H1,2026-02-01,2026-03-01,PASS,FOUND,0,2026.02.18 16:00:00,POSSIBLE_BREAK_RETEST,breakout,17.0,LOW_SPREAD,OVERLAP,,,DIRECTION_MISSING,diagnostic log has no direction field,ea_mirror.log
run_20260707_151857,GOLD_HASH_H1_PAF_DIAG_AQ_aq_w2_20260201_20260301,GOLD_HASH_H1_PAF_DIAG_AQ,aq_w2_20260201_20260301,GOLD#,GOLD,H1,2026-02-01,2026-03-01,PASS,FOUND,0,2026.02.18 19:00:00,POSSIBLE_ZONE_REJECTION,trend,18.0,LOW_SPREAD,NEW_YORK,,,DIRECTION_MISSING,diagnostic log has no direction field,ea_mirror.log
run_20260707_151857,GOLD_HASH_H1_PAF_DIAG_AQ_aq_w2_20260201_20260301,GOLD_HASH_H1_PAF_DIAG_AQ,aq_w2_20260201_20260301,GOLD#,GOLD,H1,2026-02-01,2026-03-01,PASS,FOUND,0,2026.02.19 15:00:00,POSSIBLE_FIBO_PULLBACK,trend,16.0,LOW_SPREAD,OVERLAP,,,DIRECTION_MISSING,diagnostic log has no direction field,ea_mirror.log
run_20260707_151857,GOLD_HASH_H1_PAF_DIAG_AQ_aq_w2_20260201_20260301,GOLD_HASH_H1_PAF_DIAG_AQ,aq_w2_20260201_20260301,GOLD#,GOLD,H1,2026-02-01,2026-03-01,PASS,FOUND,0,2026.02.19 19:00:00,POSSIBLE_FIBO_PULLBACK,breakout,18.0,LOW_SPREAD,NEW_YORK,,,DIRECTION_MISSING,diagnostic log has no direction field,ea_mirror.log
run_20260707_151857,GOLD_HASH_H1_PAF_DIAG_AQ_aq_w2_20260201_20260301,GOLD_HASH_H1_PAF_DIAG_AQ,aq_w2_20260201_20260301,GOLD#,GOLD,H1,2026-02-01,2026-03-01,PASS,FOUND,0,2026.02.19 22:00:00,POSSIBLE_FIBO_PULLBACK,breakout,17.0,LOW_SPREAD,OTHER,,,DIRECTION_MISSING,diagnostic log has no direction field,ea_mirror.log
run_20260707_151857,GOLD_HASH_H1_PAF_DIAG_AQ_aq_w2_20260201_20260301,GOLD_HASH_H1_PAF_DIAG_AQ,aq_w2_20260201_20260301,GOLD#,GOLD,H1,2026-02-01,2026-03-01,PASS,FOUND,0,2026.02.20 12:00:00,POSSIBLE_ZONE_REJECTION,trend,18.0,LOW_SPREAD,LONDON,,,DIRECTION_MISSING,diagnostic log has no direction field,ea_mirror.log
run_20260707_151857,GOLD_HASH_H1_PAF_DIAG_AQ_aq_w2_20260201_20260301,GOLD_HASH_H1_PAF_DIAG_AQ,aq_w2_20260201_20260301,GOLD#,GOLD,H1,2026-02-01,2026-03-01,PASS,FOUND,0,2026.02.20 13:00:00,POSSIBLE_ZONE_REJECTION,trend,18.0,LOW_SPREAD,OVERLAP,,,DIRECTION_MISSING,diagnostic log has no direction field,ea_mirror.log
run_20260707_151857,GOLD_HASH_H1_PAF_DIAG_AQ_aq_w2_20260201_20260301,GOLD_HASH_H1_PAF_DIAG_AQ,aq_w2_20260201_20260301,GOLD#,GOLD,H1,2026-02-01,2026-03-01,PASS,FOUND,0,2026.02.20 19:00:00,POSSIBLE_ZONE_REJECTION,breakout,19.0,LOW_SPREAD,NEW_YORK,,,DIRECTION_MISSING,diagnostic log has no direction field,ea_mirror.log
run_20260707_151857,GOLD_HASH_H1_PAF_DIAG_AQ_aq_w2_20260201_20260301,GOLD_HASH_H1_PAF_DIAG_AQ,aq_w2_20260201_20260301,GOLD#,GOLD,H1,2026-02-01,2026-03-01,PASS,FOUND,0,2026.02.20 21:00:00,POSSIBLE_ZONE_REJECTION,breakout,18.0,LOW_SPREAD,NEW_YORK,,,DIRECTION_MISSING,diagnostic log has no direction field,ea_mirror.log
run_20260707_151857,GOLD_HASH_H1_PAF_DIAG_AQ_aq_w2_20260201_20260301,GOLD_HASH_H1_PAF_DIAG_AQ,aq_w2_20260201_20260301,GOLD#,GOLD,H1,2026-02-01,2026-03-01,PASS,FOUND,0,2026.02.20 23:00:00,POSSIBLE_BREAK_RETEST,trend,19.0,LOW_SPREAD,OTHER,,,DIRECTION_MISSING,diagnostic log has no direction field,ea_mirror.log
run_20260707_151857,GOLD_HASH_H1_PAF_DIAG_AQ_aq_w2_20260201_20260301,GOLD_HASH_H1_PAF_DIAG_AQ,aq_w2_20260201_20260301,GOLD#,GOLD,H1,2026-02-01,2026-03-01,PASS,FOUND,0,2026.02.23 01:00:00,POSSIBLE_BREAK_RETEST,trend,18.0,LOW_SPREAD,ASIA,,,DIRECTION_MISSING,diagnostic log has no direction field,ea_mirror.log
run_20260707_151857,GOLD_HASH_H1_PAF_DIAG_AQ_aq_w2_20260201_20260301,GOLD_HASH_H1_PAF_DIAG_AQ,aq_w2_20260201_20260301,GOLD#,GOLD,H1,2026-02-01,2026-03-01,PASS,FOUND,0,2026.02.23 02:00:00,POSSIBLE_BREAK_RETEST,trend,19.0,LOW_SPREAD,ASIA,,,DIRECTION_MISSING,diagnostic log has no direction field,ea_mirror.log
run_20260707_151857,GOLD_HASH_H1_PAF_DIAG_AQ_aq_w2_20260201_20260301,GOLD_HASH_H1_PAF_DIAG_AQ,aq_w2_20260201_20260301,GOLD#,GOLD,H1,2026-02-01,2026-03-01,PASS,FOUND,0,2026.02.23 06:00:00,POSSIBLE_ZONE_REJECTION,trend,17.0,LOW_SPREAD,ASIA,,,DIRECTION_MISSING,diagnostic log has no direction field,ea_mirror.log
run_20260707_151857,GOLD_HASH_H1_PAF_DIAG_AQ_aq_w2_20260201_20260301,GOLD_HASH_H1_PAF_DIAG_AQ,aq_w2_20260201_20260301,GOLD#,GOLD,H1,2026-02-01,2026-03-01,PASS,FOUND,0,2026.02.23 18:00:00,POSSIBLE_ZONE_REJECTION,trend,16.0,LOW_SPREAD,NEW_YORK,,,DIRECTION_MISSING,diagnostic log has no direction field,ea_mirror.log
run_20260707_151857,GOLD_HASH_H1_PAF_DIAG_AQ_aq_w2_20260201_20260301,GOLD_HASH_H1_PAF_DIAG_AQ,aq_w2_20260201_20260301,GOLD#,GOLD,H1,2026-02-01,2026-03-01,PASS,FOUND,0,2026.02.23 20:00:00,POSSIBLE_ZONE_REJECTION,trend,17.0,LOW_SPREAD,NEW_YORK,,,DIRECTION_MISSING,diagnostic log has no direction field,ea_mirror.log
run_20260707_151857,GOLD_HASH_H1_PAF_DIAG_AQ_aq_w2_20260201_20260301,GOLD_HASH_H1_PAF_DIAG_AQ,aq_w2_20260201_20260301,GOLD#,GOLD,H1,2026-02-01,2026-03-01,PASS,FOUND,0,2026.02.23 21:00:00,POSSIBLE_ZONE_REJECTION,trend,18.0,LOW_SPREAD,NEW_YORK,,,DIRECTION_MISSING,diagnostic log has no direction field,ea_mirror.log
run_20260707_151857,GOLD_HASH_H1_PAF_DIAG_AQ_aq_w2_20260201_20260301,GOLD_HASH_H1_PAF_DIAG_AQ,aq_w2_20260201_20260301,GOLD#,GOLD,H1,2026-02-01,2026-03-01,PASS,FOUND,0,2026.02.23 23:00:00,POSSIBLE_BREAK_RETEST,trend,16.0,LOW_SPREAD,OTHER,,,DIRECTION_MISSING,diagnostic log has no direction field,ea_mirror.log
run_20260707_151857,GOLD_HASH_H1_PAF_DIAG_AQ_aq_w2_20260201_20260301,GOLD_HASH_H1_PAF_DIAG_AQ,aq_w2_20260201_20260301,GOLD#,GOLD,H1,2026-02-01,2026-03-01,PASS,FOUND,0,2026.02.24 08:00:00,POSSIBLE_FIBO_PULLBACK,trend,18.0,LOW_SPREAD,LONDON,,,DIRECTION_MISSING,diagnostic log has no direction field,ea_mirror.log
run_20260707_151857,GOLD_HASH_H1_PAF_DIAG_AQ_aq_w2_20260201_20260301,GOLD_HASH_H1_PAF_DIAG_AQ,aq_w2_20260201_20260301,GOLD#,GOLD,H1,2026-02-01,2026-03-01,PASS,FOUND,0,2026.02.24 12:00:00,POSSIBLE_FIBO_PULLBACK,trend,19.0,LOW_SPREAD,LONDON,,,DIRECTION_MISSING,diagnostic log has no direction field,ea_mirror.log
run_20260707_151857,GOLD_HASH_H1_PAF_DIAG_AQ_aq_w2_20260201_20260301,GOLD_HASH_H1_PAF_DIAG_AQ,aq_w2_20260201_20260301,GOLD#,GOLD,H1,2026-02-01,2026-03-01,PASS,FOUND,0,2026.02.24 13:00:00,POSSIBLE_FIBO_PULLBACK,breakout,16.0,LOW_SPREAD,OVERLAP,,,DIRECTION_MISSING,diagnostic log has no direction field,ea_mirror.log
run_20260707_151857,GOLD_HASH_H1_PAF_DIAG_AQ_aq_w2_20260201_20260301,GOLD_HASH_H1_PAF_DIAG_AQ,aq_w2_20260201_20260301,GOLD#,GOLD,H1,2026-02-01,2026-03-01,PASS,FOUND,0,2026.02.24 14:00:00,POSSIBLE_FIBO_PULLBACK,breakout,20.0,LOW_SPREAD,OVERLAP,,,DIRECTION_MISSING,diagnostic log has no direction field,ea_mirror.log
run_20260707_151857,GOLD_HASH_H1_PAF_DIAG_AQ_aq_w2_20260201_20260301,GOLD_HASH_H1_PAF_DIAG_AQ,aq_w2_20260201_20260301,GOLD#,GOLD,H1,2026-02-01,2026-03-01,PASS,FOUND,0,2026.02.24 20:00:00,POSSIBLE_FIBO_PULLBACK,trend,18.0,LOW_SPREAD,NEW_YORK,,,DIRECTION_MISSING,diagnostic log has no direction field,ea_mirror.log
run_20260707_151857,GOLD_HASH_H1_PAF_DIAG_AQ_aq_w2_20260201_20260301,GOLD_HASH_H1_PAF_DIAG_AQ,aq_w2_20260201_20260301,GOLD#,GOLD,H1,2026-02-01,2026-03-01,PASS,FOUND,0,2026.02.25 02:00:00,POSSIBLE_FIBO_PULLBACK,trend,26.0,NORMAL_SPREAD,ASIA,,,DIRECTION_MISSING,diagnostic log has no direction field,ea_mirror.log
run_20260707_151857,GOLD_HASH_H1_PAF_DIAG_AQ_aq_w2_20260201_20260301,GOLD_HASH_H1_PAF_DIAG_AQ,aq_w2_20260201_20260301,GOLD#,GOLD,H1,2026-02-01,2026-03-01,PASS,FOUND,0,2026.02.25 05:00:00,POSSIBLE_ZONE_REJECTION,breakout,22.0,NORMAL_SPREAD,ASIA,,,DIRECTION_MISSING,diagnostic log has no direction field,ea_mirror.log
run_20260707_151857,GOLD_HASH_H1_PAF_DIAG_AQ_aq_w2_20260201_20260301,GOLD_HASH_H1_PAF_DIAG_AQ,aq_w2_20260201_20260301,GOLD#,GOLD,H1,2026-02-01,2026-03-01,PASS,FOUND,0,2026.02.25 06:00:00,POSSIBLE_ZONE_REJECTION,breakout,22.0,NORMAL_SPREAD,ASIA,,,DIRECTION_MISSING,diagnostic log has no direction field,ea_mirror.log
run_20260707_151857,GOLD_HASH_H1_PAF_DIAG_AQ_aq_w2_20260201_20260301,GOLD_HASH_H1_PAF_DIAG_AQ,aq_w2_20260201_20260301,GOLD#,GOLD,H1,2026-02-01,2026-03-01,PASS,FOUND,0,2026.02.25 08:00:00,POSSIBLE_BREAK_RETEST,breakout,21.0,NORMAL_SPREAD,LONDON,,,DIRECTION_MISSING,diagnostic log has no direction field,ea_mirror.log
run_20260707_151857,GOLD_HASH_H1_PAF_DIAG_AQ_aq_w2_20260201_20260301,GOLD_HASH_H1_PAF_DIAG_AQ,aq_w2_20260201_20260301,GOLD#,GOLD,H1,2026-02-01,2026-03-01,PASS,FOUND,0,2026.02.26 17:00:00,POSSIBLE_FIBO_PULLBACK,trend,18.0,LOW_SPREAD,NEW_YORK,,,DIRECTION_MISSING,diagnostic log has no direction field,ea_mirror.log
run_20260707_151857,GOLD_HASH_H1_PAF_DIAG_AQ_aq_w2_20260201_20260301,GOLD_HASH_H1_PAF_DIAG_AQ,aq_w2_20260201_20260301,GOLD#,GOLD,H1,2026-02-01,2026-03-01,PASS,FOUND,0,2026.02.27 04:00:00,POSSIBLE_ZONE_REJECTION,breakout,21.0,NORMAL_SPREAD,ASIA,,,DIRECTION_MISSING,diagnostic log has no direction field,ea_mirror.log
run_20260707_151857,GOLD_HASH_H1_PAF_DIAG_AQ_aq_w2_20260201_20260301,GOLD_HASH_H1_PAF_DIAG_AQ,aq_w2_20260201_20260301,GOLD#,GOLD,H1,2026-02-01,2026-03-01,PASS,FOUND,0,2026.02.27 08:00:00,POSSIBLE_ZONE_REJECTION,breakout,21.0,NORMAL_SPREAD,LONDON,,,DIRECTION_MISSING,diagnostic log has no direction field,ea_mirror.log
run_20260707_151857,GOLD_HASH_H1_PAF_DIAG_AQ_aq_w2_20260201_20260301,GOLD_HASH_H1_PAF_DIAG_AQ,aq_w2_20260201_20260301,GOLD#,GOLD,H1,2026-02-01,2026-03-01,PASS,FOUND,0,2026.02.27 23:00:00,POSSIBLE_BREAK_RETEST,trend,20.0,LOW_SPREAD,OTHER,,,DIRECTION_MISSING,diagnostic log has no direction field,ea_mirror.log
run_20260707_151857,GOLD_HASH_H1_PAF_DIAG_AQ_aq_w3_20260301_20260401,GOLD_HASH_H1_PAF_DIAG_AQ,aq_w3_20260301_20260401,GOLD#,GOLD,H1,2026-03-01,2026-04-01,PASS,FOUND,0,2026.03.02 01:00:00,POSSIBLE_BREAK_RETEST,trend,18.0,LOW_SPREAD,ASIA,,,DIRECTION_MISSING,diagnostic log has no direction field,ea_mirror.log
run_20260707_151857,GOLD_HASH_H1_PAF_DIAG_AQ_aq_w3_20260301_20260401,GOLD_HASH_H1_PAF_DIAG_AQ,aq_w3_20260301_20260401,GOLD#,GOLD,H1,2026-03-01,2026-04-01,PASS,FOUND,0,2026.03.02 10:00:00,POSSIBLE_BREAK_RETEST,trend,23.0,NORMAL_SPREAD,LONDON,,,DIRECTION_MISSING,diagnostic log has no direction field,ea_mirror.log
run_20260707_151857,GOLD_HASH_H1_PAF_DIAG_AQ_aq_w3_20260301_20260401,GOLD_HASH_H1_PAF_DIAG_AQ,aq_w3_20260301_20260401,GOLD#,GOLD,H1,2026-03-01,2026-04-01,PASS,FOUND,0,2026.03.02 23:00:00,POSSIBLE_FIBO_PULLBACK,trend,25.0,NORMAL_SPREAD,OTHER,,,DIRECTION_MISSING,diagnostic log has no direction field,ea_mirror.log
run_20260707_151857,GOLD_HASH_H1_PAF_DIAG_AQ_aq_w3_20260301_20260401,GOLD_HASH_H1_PAF_DIAG_AQ,aq_w3_20260301_20260401,GOLD#,GOLD,H1,2026-03-01,2026-04-01,PASS,FOUND,0,2026.03.03 01:00:00,POSSIBLE_FIBO_PULLBACK,trend,27.0,NORMAL_SPREAD,ASIA,,,DIRECTION_MISSING,diagnostic log has no direction field,ea_mirror.log
run_20260707_151857,GOLD_HASH_H1_PAF_DIAG_AQ_aq_w3_20260301_20260401,GOLD_HASH_H1_PAF_DIAG_AQ,aq_w3_20260301_20260401,GOLD#,GOLD,H1,2026-03-01,2026-04-01,PASS,FOUND,0,2026.03.03 03:00:00,POSSIBLE_FIBO_PULLBACK,trend,30.0,NORMAL_SPREAD,ASIA,,,DIRECTION_MISSING,diagnostic log has no direction field,ea_mirror.log
run_20260707_151857,GOLD_HASH_H1_PAF_DIAG_AQ_aq_w3_20260301_20260401,GOLD_HASH_H1_PAF_DIAG_AQ,aq_w3_20260301_20260401,GOLD#,GOLD,H1,2026-03-01,2026-04-01,PASS,FOUND,0,2026.03.03 04:00:00,POSSIBLE_FIBO_PULLBACK,trend,24.0,NORMAL_SPREAD,ASIA,,,DIRECTION_MISSING,diagnostic log has no direction field,ea_mirror.log
run_20260707_151857,GOLD_HASH_H1_PAF_DIAG_AQ_aq_w3_20260301_20260401,GOLD_HASH_H1_PAF_DIAG_AQ,aq_w3_20260301_20260401,GOLD#,GOLD,H1,2026-03-01,2026-04-01,PASS,FOUND,0,2026.03.03 09:00:00,POSSIBLE_FIBO_PULLBACK,trend,31.0,NORMAL_SPREAD,LONDON,,,DIRECTION_MISSING,diagnostic log has no direction field,ea_mirror.log
run_20260707_151857,GOLD_HASH_H1_PAF_DIAG_AQ_aq_w3_20260301_20260401,GOLD_HASH_H1_PAF_DIAG_AQ,aq_w3_20260301_20260401,GOLD#,GOLD,H1,2026-03-01,2026-04-01,PASS,FOUND,0,2026.03.03 10:00:00,POSSIBLE_FIBO_PULLBACK,trend,28.0,NORMAL_SPREAD,LONDON,,,DIRECTION_MISSING,diagnostic log has no direction field,ea_mirror.log
run_20260707_151857,GOLD_HASH_H1_PAF_DIAG_AQ_aq_w3_20260301_20260401,GOLD_HASH_H1_PAF_DIAG_AQ,aq_w3_20260301_20260401,GOLD#,GOLD,H1,2026-03-01,2026-04-01,PASS,FOUND,0,2026.03.03 11:00:00,POSSIBLE_FIBO_PULLBACK,trend,27.0,NORMAL_SPREAD,LONDON,,,DIRECTION_MISSING,diagnostic log has no direction field,ea_mirror.log
run_20260707_151857,GOLD_HASH_H1_PAF_DIAG_AQ_aq_w3_20260301_20260401,GOLD_HASH_H1_PAF_DIAG_AQ,aq_w3_20260301_20260401,GOLD#,GOLD,H1,2026-03-01,2026-04-01,PASS,FOUND,0,2026.03.03 12:00:00,POSSIBLE_ZONE_REJECTION,breakout,29.0,NORMAL_SPREAD,LONDON,,,DIRECTION_MISSING,diagnostic log has no direction field,ea_mirror.log
run_20260707_151857,GOLD_HASH_H1_PAF_DIAG_AQ_aq_w3_20260301_20260401,GOLD_HASH_H1_PAF_DIAG_AQ,aq_w3_20260301_20260401,GOLD#,GOLD,H1,2026-03-01,2026-04-01,PASS,FOUND,0,2026.03.04 09:00:00,POSSIBLE_FIBO_PULLBACK,trend,29.0,NORMAL_SPREAD,LONDON,,,DIRECTION_MISSING,diagnostic log has no direction field,ea_mirror.log
run_20260707_151857,GOLD_HASH_H1_PAF_DIAG_AQ_aq_w3_20260301_20260401,GOLD_HASH_H1_PAF_DIAG_AQ,aq_w3_20260301_20260401,GOLD#,GOLD,H1,2026-03-01,2026-04-01,PASS,FOUND,0,2026.03.04 14:00:00,POSSIBLE_ZONE_REJECTION,trend,30.0,NORMAL_SPREAD,OVERLAP,,,DIRECTION_MISSING,diagnostic log has no direction field,ea_mirror.log
run_20260707_151857,GOLD_HASH_H1_PAF_DIAG_AQ_aq_w3_20260301_20260401,GOLD_HASH_H1_PAF_DIAG_AQ,aq_w3_20260301_20260401,GOLD#,GOLD,H1,2026-03-01,2026-04-01,PASS,FOUND,0,2026.03.04 18:00:00,POSSIBLE_FIBO_PULLBACK,breakout,29.0,NORMAL_SPREAD,NEW_YORK,,,DIRECTION_MISSING,diagnostic log has no direction field,ea_mirror.log
run_20260707_151857,GOLD_HASH_H1_PAF_DIAG_AQ_aq_w3_20260301_20260401,GOLD_HASH_H1_PAF_DIAG_AQ,aq_w3_20260301_20260401,GOLD#,GOLD,H1,2026-03-01,2026-04-01,PASS,FOUND,0,2026.03.04 19:00:00,POSSIBLE_FIBO_PULLBACK,breakout,28.0,NORMAL_SPREAD,NEW_YORK,,,DIRECTION_MISSING,diagnostic log has no direction field,ea_mirror.log
run_20260707_151857,GOLD_HASH_H1_PAF_DIAG_AQ_aq_w3_20260301_20260401,GOLD_HASH_H1_PAF_DIAG_AQ,aq_w3_20260301_20260401,GOLD#,GOLD,H1,2026-03-01,2026-04-01,PASS,FOUND,0,2026.03.04 20:00:00,POSSIBLE_FIBO_PULLBACK,trend,27.0,NORMAL_SPREAD,NEW_YORK,,,DIRECTION_MISSING,diagnostic log has no direction field,ea_mirror.log
run_20260707_151857,GOLD_HASH_H1_PAF_DIAG_AQ_aq_w3_20260301_20260401,GOLD_HASH_H1_PAF_DIAG_AQ,aq_w3_20260301_20260401,GOLD#,GOLD,H1,2026-03-01,2026-04-01,PASS,FOUND,0,2026.03.04 21:00:00,POSSIBLE_FIBO_PULLBACK,trend,29.0,NORMAL_SPREAD,NEW_YORK,,,DIRECTION_MISSING,diagnostic log has no direction field,ea_mirror.log
run_20260707_151857,GOLD_HASH_H1_PAF_DIAG_AQ_aq_w3_20260301_20260401,GOLD_HASH_H1_PAF_DIAG_AQ,aq_w3_20260301_20260401,GOLD#,GOLD,H1,2026-03-01,2026-04-01,PASS,FOUND,0,2026.03.04 22:00:00,POSSIBLE_FIBO_PULLBACK,trend,31.0,NORMAL_SPREAD,OTHER,,,DIRECTION_MISSING,diagnostic log has no direction field,ea_mirror.log
run_20260707_151857,GOLD_HASH_H1_PAF_DIAG_AQ_aq_w3_20260301_20260401,GOLD_HASH_H1_PAF_DIAG_AQ,aq_w3_20260301_20260401,GOLD#,GOLD,H1,2026-03-01,2026-04-01,PASS,FOUND,0,2026.03.04 23:00:00,POSSIBLE_FIBO_PULLBACK,trend,28.0,NORMAL_SPREAD,OTHER,,,DIRECTION_MISSING,diagnostic log has no direction field,ea_mirror.log
run_20260707_151857,GOLD_HASH_H1_PAF_DIAG_AQ_aq_w3_20260301_20260401,GOLD_HASH_H1_PAF_DIAG_AQ,aq_w3_20260301_20260401,GOLD#,GOLD,H1,2026-03-01,2026-04-01,PASS,FOUND,0,2026.03.05 11:00:00,POSSIBLE_FIBO_PULLBACK,trend,27.0,NORMAL_SPREAD,LONDON,,,DIRECTION_MISSING,diagnostic log has no direction field,ea_mirror.log
run_20260707_151857,GOLD_HASH_H1_PAF_DIAG_AQ_aq_w3_20260301_20260401,GOLD_HASH_H1_PAF_DIAG_AQ,aq_w3_20260301_20260401,GOLD#,GOLD,H1,2026-03-01,2026-04-01,PASS,FOUND,0,2026.03.05 12:00:00,POSSIBLE_FIBO_PULLBACK,trend,27.0,NORMAL_SPREAD,LONDON,,,DIRECTION_MISSING,diagnostic log has no direction field,ea_mirror.log
run_20260707_151857,GOLD_HASH_H1_PAF_DIAG_AQ_aq_w3_20260301_20260401,GOLD_HASH_H1_PAF_DIAG_AQ,aq_w3_20260301_20260401,GOLD#,GOLD,H1,2026-03-01,2026-04-01,PASS,FOUND,0,2026.03.05 21:00:00,POSSIBLE_ZONE_REJECTION,trend,25.0,NORMAL_SPREAD,NEW_YORK,,,DIRECTION_MISSING,diagnostic log has no direction field,ea_mirror.log
run_20260707_151857,GOLD_HASH_H1_PAF_DIAG_AQ_aq_w3_20260301_20260401,GOLD_HASH_H1_PAF_DIAG_AQ,aq_w3_20260301_20260401,GOLD#,GOLD,H1,2026-03-01,2026-04-01,PASS,FOUND,0,2026.03.05 22:00:00,POSSIBLE_ZONE_REJECTION,trend,25.0,NORMAL_SPREAD,OTHER,,,DIRECTION_MISSING,diagnostic log has no direction field,ea_mirror.log
run_20260707_151857,GOLD_HASH_H1_PAF_DIAG_AQ_aq_w3_20260301_20260401,GOLD_HASH_H1_PAF_DIAG_AQ,aq_w3_20260301_20260401,GOLD#,GOLD,H1,2026-03-01,2026-04-01,PASS,FOUND,0,2026.03.06 02:00:00,POSSIBLE_FIBO_PULLBACK,trend,25.0,NORMAL_SPREAD,ASIA,,,DIRECTION_MISSING,diagnostic log has no direction field,ea_mirror.log
run_20260707_151857,GOLD_HASH_H1_PAF_DIAG_AQ_aq_w3_20260301_20260401,GOLD_HASH_H1_PAF_DIAG_AQ,aq_w3_20260301_20260401,GOLD#,GOLD,H1,2026-03-01,2026-04-01,PASS,FOUND,0,2026.03.06 03:00:00,POSSIBLE_FIBO_PULLBACK,trend,25.0,NORMAL_SPREAD,ASIA,,,DIRECTION_MISSING,diagnostic log has no direction field,ea_mirror.log
run_20260707_151857,GOLD_HASH_H1_PAF_DIAG_AQ_aq_w3_20260301_20260401,GOLD_HASH_H1_PAF_DIAG_AQ,aq_w3_20260301_20260401,GOLD#,GOLD,H1,2026-03-01,2026-04-01,PASS,FOUND,0,2026.03.06 04:00:00,POSSIBLE_FIBO_PULLBACK,trend,22.0,NORMAL_SPREAD,ASIA,,,DIRECTION_MISSING,diagnostic log has no direction field,ea_mirror.log
run_20260707_151857,GOLD_HASH_H1_PAF_DIAG_AQ_aq_w3_20260301_20260401,GOLD_HASH_H1_PAF_DIAG_AQ,aq_w3_20260301_20260401,GOLD#,GOLD,H1,2026-03-01,2026-04-01,PASS,FOUND,0,2026.03.06 09:00:00,POSSIBLE_FIBO_PULLBACK,trend,24.0,NORMAL_SPREAD,LONDON,,,DIRECTION_MISSING,diagnostic log has no direction field,ea_mirror.log
run_20260707_151857,GOLD_HASH_H1_PAF_DIAG_AQ_aq_w3_20260301_20260401,GOLD_HASH_H1_PAF_DIAG_AQ,aq_w3_20260301_20260401,GOLD#,GOLD,H1,2026-03-01,2026-04-01,PASS,FOUND,0,2026.03.06 10:00:00,POSSIBLE_FIBO_PULLBACK,trend,24.0,NORMAL_SPREAD,LONDON,,,DIRECTION_MISSING,diagnostic log has no direction field,ea_mirror.log
run_20260707_151857,GOLD_HASH_H1_PAF_DIAG_AQ_aq_w3_20260301_20260401,GOLD_HASH_H1_PAF_DIAG_AQ,aq_w3_20260301_20260401,GOLD#,GOLD,H1,2026-03-01,2026-04-01,PASS,FOUND,0,2026.03.06 11:00:00,POSSIBLE_FIBO_PULLBACK,trend,28.0,NORMAL_SPREAD,LONDON,,,DIRECTION_MISSING,diagnostic log has no direction field,ea_mirror.log
run_20260707_151857,GOLD_HASH_H1_PAF_DIAG_AQ_aq_w3_20260301_20260401,GOLD_HASH_H1_PAF_DIAG_AQ,aq_w3_20260301_20260401,GOLD#,GOLD,H1,2026-03-01,2026-04-01,PASS,FOUND,0,2026.03.06 14:00:00,POSSIBLE_FIBO_PULLBACK,trend,25.0,NORMAL_SPREAD,OVERLAP,,,DIRECTION_MISSING,diagnostic log has no direction field,ea_mirror.log
run_20260707_151857,GOLD_HASH_H1_PAF_DIAG_AQ_aq_w3_20260301_20260401,GOLD_HASH_H1_PAF_DIAG_AQ,aq_w3_20260301_20260401,GOLD#,GOLD,H1,2026-03-01,2026-04-01,PASS,FOUND,0,2026.03.06 15:00:00,POSSIBLE_FIBO_PULLBACK,trend,27.0,NORMAL_SPREAD,OVERLAP,,,DIRECTION_MISSING,diagnostic log has no direction field,ea_mirror.log
run_20260707_151857,GOLD_HASH_H1_PAF_DIAG_AQ_aq_w3_20260301_20260401,GOLD_HASH_H1_PAF_DIAG_AQ,aq_w3_20260301_20260401,GOLD#,GOLD,H1,2026-03-01,2026-04-01,PASS,FOUND,0,2026.03.06 16:00:00,POSSIBLE_FIBO_PULLBACK,trend,25.0,NORMAL_SPREAD,OVERLAP,,,DIRECTION_MISSING,diagnostic log has no direction field,ea_mirror.log
run_20260707_151857,GOLD_HASH_H1_PAF_DIAG_AQ_aq_w3_20260301_20260401,GOLD_HASH_H1_PAF_DIAG_AQ,aq_w3_20260301_20260401,GOLD#,GOLD,H1,2026-03-01,2026-04-01,PASS,FOUND,0,2026.03.06 18:00:00,POSSIBLE_ZONE_REJECTION,trend,25.0,NORMAL_SPREAD,NEW_YORK,,,DIRECTION_MISSING,diagnostic log has no direction field,ea_mirror.log
run_20260707_151857,GOLD_HASH_H1_PAF_DIAG_AQ_aq_w3_20260301_20260401,GOLD_HASH_H1_PAF_DIAG_AQ,aq_w3_20260301_20260401,GOLD#,GOLD,H1,2026-03-01,2026-04-01,PASS,FOUND,0,2026.03.06 22:00:00,POSSIBLE_ZONE_REJECTION,trend,29.0,NORMAL_SPREAD,OTHER,,,DIRECTION_MISSING,diagnostic log has no direction field,ea_mirror.log
run_20260707_151857,GOLD_HASH_H1_PAF_DIAG_AQ_aq_w3_20260301_20260401,GOLD_HASH_H1_PAF_DIAG_AQ,aq_w3_20260301_20260401,GOLD#,GOLD,H1,2026-03-01,2026-04-01,PASS,FOUND,0,2026.03.09 01:00:00,POSSIBLE_FIBO_PULLBACK,trend,32.0,NORMAL_SPREAD,ASIA,,,DIRECTION_MISSING,diagnostic log has no direction field,ea_mirror.log
run_20260707_151857,GOLD_HASH_H1_PAF_DIAG_AQ_aq_w3_20260301_20260401,GOLD_HASH_H1_PAF_DIAG_AQ,aq_w3_20260301_20260401,GOLD#,GOLD,H1,2026-03-01,2026-04-01,PASS,FOUND,0,2026.03.09 07:00:00,POSSIBLE_FIBO_PULLBACK,breakout,22.0,NORMAL_SPREAD,ASIA,,,DIRECTION_MISSING,diagnostic log has no direction field,ea_mirror.log
run_20260707_151857,GOLD_HASH_H1_PAF_DIAG_AQ_aq_w3_20260301_20260401,GOLD_HASH_H1_PAF_DIAG_AQ,aq_w3_20260301_20260401,GOLD#,GOLD,H1,2026-03-01,2026-04-01,PASS,FOUND,0,2026.03.10 02:00:00,POSSIBLE_ZONE_REJECTION,breakout,28.0,NORMAL_SPREAD,ASIA,,,DIRECTION_MISSING,diagnostic log has no direction field,ea_mirror.log
run_20260707_151857,GOLD_HASH_H1_PAF_DIAG_AQ_aq_w3_20260301_20260401,GOLD_HASH_H1_PAF_DIAG_AQ,aq_w3_20260301_20260401,GOLD#,GOLD,H1,2026-03-01,2026-04-01,PASS,FOUND,0,2026.03.11 10:00:00,POSSIBLE_FIBO_PULLBACK,breakout,27.0,NORMAL_SPREAD,LONDON,,,DIRECTION_MISSING,diagnostic log has no direction field,ea_mirror.log
run_20260707_151857,GOLD_HASH_H1_PAF_DIAG_AQ_aq_w3_20260301_20260401,GOLD_HASH_H1_PAF_DIAG_AQ,aq_w3_20260301_20260401,GOLD#,GOLD,H1,2026-03-01,2026-04-01,PASS,FOUND,0,2026.03.11 12:00:00,POSSIBLE_FIBO_PULLBACK,trend,25.0,NORMAL_SPREAD,LONDON,,,DIRECTION_MISSING,diagnostic log has no direction field,ea_mirror.log
run_20260707_151857,GOLD_HASH_H1_PAF_DIAG_AQ_aq_w3_20260301_20260401,GOLD_HASH_H1_PAF_DIAG_AQ,aq_w3_20260301_20260401,GOLD#,GOLD,H1,2026-03-01,2026-04-01,PASS,FOUND,0,2026.03.11 13:00:00,POSSIBLE_FIBO_PULLBACK,trend,29.0,NORMAL_SPREAD,OVERLAP,,,DIRECTION_MISSING,diagnostic log has no direction field,ea_mirror.log
run_20260707_151857,GOLD_HASH_H1_PAF_DIAG_AQ_aq_w3_20260301_20260401,GOLD_HASH_H1_PAF_DIAG_AQ,aq_w3_20260301_20260401,GOLD#,GOLD,H1,2026-03-01,2026-04-01,PASS,FOUND,0,2026.03.11 17:00:00,POSSIBLE_FIBO_PULLBACK,trend,28.0,NORMAL_SPREAD,NEW_YORK,,,DIRECTION_MISSING,diagnostic log has no direction field,ea_mirror.log
run_20260707_151857,GOLD_HASH_H1_PAF_DIAG_AQ_aq_w3_20260301_20260401,GOLD_HASH_H1_PAF_DIAG_AQ,aq_w3_20260301_20260401,GOLD#,GOLD,H1,2026-03-01,2026-04-01,PASS,FOUND,0,2026.03.11 20:00:00,POSSIBLE_FIBO_PULLBACK,trend,29.0,NORMAL_SPREAD,NEW_YORK,,,DIRECTION_MISSING,diagnostic log has no direction field,ea_mirror.log
run_20260707_151857,GOLD_HASH_H1_PAF_DIAG_AQ_aq_w3_20260301_20260401,GOLD_HASH_H1_PAF_DIAG_AQ,aq_w3_20260301_20260401,GOLD#,GOLD,H1,2026-03-01,2026-04-01,PASS,FOUND,0,2026.03.11 21:00:00,POSSIBLE_FIBO_PULLBACK,trend,29.0,NORMAL_SPREAD,NEW_YORK,,,DIRECTION_MISSING,diagnostic log has no direction field,ea_mirror.log
run_20260707_151857,GOLD_HASH_H1_PAF_DIAG_AQ_aq_w3_20260301_20260401,GOLD_HASH_H1_PAF_DIAG_AQ,aq_w3_20260301_20260401,GOLD#,GOLD,H1,2026-03-01,2026-04-01,PASS,FOUND,0,2026.03.12 02:00:00,POSSIBLE_ZONE_REJECTION,trend,22.0,NORMAL_SPREAD,ASIA,,,DIRECTION_MISSING,diagnostic log has no direction field,ea_mirror.log
run_20260707_151857,GOLD_HASH_H1_PAF_DIAG_AQ_aq_w3_20260301_20260401,GOLD_HASH_H1_PAF_DIAG_AQ,aq_w3_20260301_20260401,GOLD#,GOLD,H1,2026-03-01,2026-04-01,PASS,FOUND,0,2026.03.12 03:00:00,POSSIBLE_FIBO_PULLBACK,trend,25.0,NORMAL_SPREAD,ASIA,,,DIRECTION_MISSING,diagnostic log has no direction field,ea_mirror.log
run_20260707_151857,GOLD_HASH_H1_PAF_DIAG_AQ_aq_w3_20260301_20260401,GOLD_HASH_H1_PAF_DIAG_AQ,aq_w3_20260301_20260401,GOLD#,GOLD,H1,2026-03-01,2026-04-01,PASS,FOUND,0,2026.03.12 07:00:00,POSSIBLE_FIBO_PULLBACK,trend,27.0,NORMAL_SPREAD,ASIA,,,DIRECTION_MISSING,diagnostic log has no direction field,ea_mirror.log
run_20260707_151857,GOLD_HASH_H1_PAF_DIAG_AQ_aq_w3_20260301_20260401,GOLD_HASH_H1_PAF_DIAG_AQ,aq_w3_20260301_20260401,GOLD#,GOLD,H1,2026-03-01,2026-04-01,PASS,FOUND,0,2026.03.12 08:00:00,POSSIBLE_FIBO_PULLBACK,trend,24.0,NORMAL_SPREAD,LONDON,,,DIRECTION_MISSING,diagnostic log has no direction field,ea_mirror.log
run_20260707_151857,GOLD_HASH_H1_PAF_DIAG_AQ_aq_w3_20260301_20260401,GOLD_HASH_H1_PAF_DIAG_AQ,aq_w3_20260301_20260401,GOLD#,GOLD,H1,2026-03-01,2026-04-01,PASS,FOUND,0,2026.03.12 12:00:00,POSSIBLE_ZONE_REJECTION,trend,24.0,NORMAL_SPREAD,LONDON,,,DIRECTION_MISSING,diagnostic log has no direction field,ea_mirror.log
run_20260707_151857,GOLD_HASH_H1_PAF_DIAG_AQ_aq_w3_20260301_20260401,GOLD_HASH_H1_PAF_DIAG_AQ,aq_w3_20260301_20260401,GOLD#,GOLD,H1,2026-03-01,2026-04-01,PASS,FOUND,0,2026.03.12 18:00:00,POSSIBLE_ZONE_REJECTION,trend,21.0,NORMAL_SPREAD,NEW_YORK,,,DIRECTION_MISSING,diagnostic log has no direction field,ea_mirror.log
run_20260707_151857,GOLD_HASH_H1_PAF_DIAG_AQ_aq_w3_20260301_20260401,GOLD_HASH_H1_PAF_DIAG_AQ,aq_w3_20260301_20260401,GOLD#,GOLD,H1,2026-03-01,2026-04-01,PASS,FOUND,0,2026.03.12 21:00:00,POSSIBLE_BREAK_RETEST,trend,21.0,NORMAL_SPREAD,NEW_YORK,,,DIRECTION_MISSING,diagnostic log has no direction field,ea_mirror.log
run_20260707_151857,GOLD_HASH_H1_PAF_DIAG_AQ_aq_w3_20260301_20260401,GOLD_HASH_H1_PAF_DIAG_AQ,aq_w3_20260301_20260401,GOLD#,GOLD,H1,2026-03-01,2026-04-01,PASS,FOUND,0,2026.03.12 22:00:00,POSSIBLE_BREAK_RETEST,trend,20.0,LOW_SPREAD,OTHER,,,DIRECTION_MISSING,diagnostic log has no direction field,ea_mirror.log
run_20260707_151857,GOLD_HASH_H1_PAF_DIAG_AQ_aq_w3_20260301_20260401,GOLD_HASH_H1_PAF_DIAG_AQ,aq_w3_20260301_20260401,GOLD#,GOLD,H1,2026-03-01,2026-04-01,PASS,FOUND,0,2026.03.13 00:00:00,POSSIBLE_ZONE_REJECTION,trend,30.0,NORMAL_SPREAD,ASIA,,,DIRECTION_MISSING,diagnostic log has no direction field,ea_mirror.log
run_20260707_151857,GOLD_HASH_H1_PAF_DIAG_AQ_aq_w3_20260301_20260401,GOLD_HASH_H1_PAF_DIAG_AQ,aq_w3_20260301_20260401,GOLD#,GOLD,H1,2026-03-01,2026-04-01,PASS,FOUND,0,2026.03.13 02:00:00,POSSIBLE_FIBO_PULLBACK,trend,23.0,NORMAL_SPREAD,ASIA,,,DIRECTION_MISSING,diagnostic log has no direction field,ea_mirror.log
run_20260707_151857,GOLD_HASH_H1_PAF_DIAG_AQ_aq_w3_20260301_20260401,GOLD_HASH_H1_PAF_DIAG_AQ,aq_w3_20260301_20260401,GOLD#,GOLD,H1,2026-03-01,2026-04-01,PASS,FOUND,0,2026.03.13 07:00:00,POSSIBLE_FIBO_PULLBACK,trend,21.0,NORMAL_SPREAD,ASIA,,,DIRECTION_MISSING,diagnostic log has no direction field,ea_mirror.log
run_20260707_151857,GOLD_HASH_H1_PAF_DIAG_AQ_aq_w3_20260301_20260401,GOLD_HASH_H1_PAF_DIAG_AQ,aq_w3_20260301_20260401,GOLD#,GOLD,H1,2026-03-01,2026-04-01,PASS,FOUND,0,2026.03.13 08:00:00,POSSIBLE_FIBO_PULLBACK,trend,20.0,LOW_SPREAD,LONDON,,,DIRECTION_MISSING,diagnostic log has no direction field,ea_mirror.log
run_20260707_151857,GOLD_HASH_H1_PAF_DIAG_AQ_aq_w3_20260301_20260401,GOLD_HASH_H1_PAF_DIAG_AQ,aq_w3_20260301_20260401,GOLD#,GOLD,H1,2026-03-01,2026-04-01,PASS,FOUND,0,2026.03.13 10:00:00,POSSIBLE_FIBO_PULLBACK,trend,21.0,NORMAL_SPREAD,LONDON,,,DIRECTION_MISSING,diagnostic log has no direction field,ea_mirror.log
run_20260707_151857,GOLD_HASH_H1_PAF_DIAG_AQ_aq_w3_20260301_20260401,GOLD_HASH_H1_PAF_DIAG_AQ,aq_w3_20260301_20260401,GOLD#,GOLD,H1,2026-03-01,2026-04-01,PASS,FOUND,0,2026.03.13 11:00:00,POSSIBLE_FIBO_PULLBACK,trend,21.0,NORMAL_SPREAD,LONDON,,,DIRECTION_MISSING,diagnostic log has no direction field,ea_mirror.log
run_20260707_151857,GOLD_HASH_H1_PAF_DIAG_AQ_aq_w3_20260301_20260401,GOLD_HASH_H1_PAF_DIAG_AQ,aq_w3_20260301_20260401,GOLD#,GOLD,H1,2026-03-01,2026-04-01,PASS,FOUND,0,2026.03.13 12:00:00,POSSIBLE_FIBO_PULLBACK,trend,21.0,NORMAL_SPREAD,LONDON,,,DIRECTION_MISSING,diagnostic log has no direction field,ea_mirror.log
run_20260707_151857,GOLD_HASH_H1_PAF_DIAG_AQ_aq_w3_20260301_20260401,GOLD_HASH_H1_PAF_DIAG_AQ,aq_w3_20260301_20260401,GOLD#,GOLD,H1,2026-03-01,2026-04-01,PASS,FOUND,0,2026.03.13 16:00:00,POSSIBLE_FIBO_PULLBACK,trend,31.0,NORMAL_SPREAD,OVERLAP,,,DIRECTION_MISSING,diagnostic log has no direction field,ea_mirror.log
run_20260707_151857,GOLD_HASH_H1_PAF_DIAG_AQ_aq_w3_20260301_20260401,GOLD_HASH_H1_PAF_DIAG_AQ,aq_w3_20260301_20260401,GOLD#,GOLD,H1,2026-03-01,2026-04-01,PASS,FOUND,0,2026.03.13 18:00:00,POSSIBLE_ZONE_REJECTION,trend,29.0,NORMAL_SPREAD,NEW_YORK,,,DIRECTION_MISSING,diagnostic log has no direction field,ea_mirror.log
run_20260707_151857,GOLD_HASH_H1_PAF_DIAG_AQ_aq_w3_20260301_20260401,GOLD_HASH_H1_PAF_DIAG_AQ,aq_w3_20260301_20260401,GOLD#,GOLD,H1,2026-03-01,2026-04-01,PASS,FOUND,0,2026.03.13 20:00:00,POSSIBLE_FIBO_PULLBACK,trend,29.0,NORMAL_SPREAD,NEW_YORK,,,DIRECTION_MISSING,diagnostic log has no direction field,ea_mirror.log
run_20260707_151857,GOLD_HASH_H1_PAF_DIAG_AQ_aq_w3_20260301_20260401,GOLD_HASH_H1_PAF_DIAG_AQ,aq_w3_20260301_20260401,GOLD#,GOLD,H1,2026-03-01,2026-04-01,PASS,FOUND,0,2026.03.13 21:00:00,POSSIBLE_FIBO_PULLBACK,trend,29.0,NORMAL_SPREAD,NEW_YORK,,,DIRECTION_MISSING,diagnostic log has no direction field,ea_mirror.log
run_20260707_151857,GOLD_HASH_H1_PAF_DIAG_AQ_aq_w3_20260301_20260401,GOLD_HASH_H1_PAF_DIAG_AQ,aq_w3_20260301_20260401,GOLD#,GOLD,H1,2026-03-01,2026-04-01,PASS,FOUND,0,2026.03.16 03:00:00,POSSIBLE_FIBO_PULLBACK,trend,29.0,NORMAL_SPREAD,ASIA,,,DIRECTION_MISSING,diagnostic log has no direction field,ea_mirror.log
run_20260707_151857,GOLD_HASH_H1_PAF_DIAG_AQ_aq_w3_20260301_20260401,GOLD_HASH_H1_PAF_DIAG_AQ,aq_w3_20260301_20260401,GOLD#,GOLD,H1,2026-03-01,2026-04-01,PASS,FOUND,0,2026.03.16 04:00:00,POSSIBLE_FIBO_PULLBACK,trend,32.0,NORMAL_SPREAD,ASIA,,,DIRECTION_MISSING,diagnostic log has no direction field,ea_mirror.log
run_20260707_151857,GOLD_HASH_H1_PAF_DIAG_AQ_aq_w3_20260301_20260401,GOLD_HASH_H1_PAF_DIAG_AQ,aq_w3_20260301_20260401,GOLD#,GOLD,H1,2026-03-01,2026-04-01,PASS,FOUND,0,2026.03.16 06:00:00,POSSIBLE_FIBO_PULLBACK,trend,29.0,NORMAL_SPREAD,ASIA,,,DIRECTION_MISSING,diagnostic log has no direction field,ea_mirror.log
run_20260707_151857,GOLD_HASH_H1_PAF_DIAG_AQ_aq_w3_20260301_20260401,GOLD_HASH_H1_PAF_DIAG_AQ,aq_w3_20260301_20260401,GOLD#,GOLD,H1,2026-03-01,2026-04-01,PASS,FOUND,0,2026.03.16 09:00:00,POSSIBLE_FIBO_PULLBACK,trend,29.0,NORMAL_SPREAD,LONDON,,,DIRECTION_MISSING,diagnostic log has no direction field,ea_mirror.log
run_20260707_151857,GOLD_HASH_H1_PAF_DIAG_AQ_aq_w3_20260301_20260401,GOLD_HASH_H1_PAF_DIAG_AQ,aq_w3_20260301_20260401,GOLD#,GOLD,H1,2026-03-01,2026-04-01,PASS,FOUND,0,2026.03.16 15:00:00,POSSIBLE_FIBO_PULLBACK,trend,29.0,NORMAL_SPREAD,OVERLAP,,,DIRECTION_MISSING,diagnostic log has no direction field,ea_mirror.log
run_20260707_151857,GOLD_HASH_H1_PAF_DIAG_AQ_aq_w3_20260301_20260401,GOLD_HASH_H1_PAF_DIAG_AQ,aq_w3_20260301_20260401,GOLD#,GOLD,H1,2026-03-01,2026-04-01,PASS,FOUND,0,2026.03.16 17:00:00,POSSIBLE_FIBO_PULLBACK,trend,29.0,NORMAL_SPREAD,NEW_YORK,,,DIRECTION_MISSING,diagnostic log has no direction field,ea_mirror.log
run_20260707_151857,GOLD_HASH_H1_PAF_DIAG_AQ_aq_w3_20260301_20260401,GOLD_HASH_H1_PAF_DIAG_AQ,aq_w3_20260301_20260401,GOLD#,GOLD,H1,2026-03-01,2026-04-01,PASS,FOUND,0,2026.03.16 19:00:00,POSSIBLE_FIBO_PULLBACK,trend,29.0,NORMAL_SPREAD,NEW_YORK,,,DIRECTION_MISSING,diagnostic log has no direction field,ea_mirror.log
run_20260707_151857,GOLD_HASH_H1_PAF_DIAG_AQ_aq_w3_20260301_20260401,GOLD_HASH_H1_PAF_DIAG_AQ,aq_w3_20260301_20260401,GOLD#,GOLD,H1,2026-03-01,2026-04-01,PASS,FOUND,0,2026.03.16 20:00:00,POSSIBLE_FIBO_PULLBACK,breakout,29.0,NORMAL_SPREAD,NEW_YORK,,,DIRECTION_MISSING,diagnostic log has no direction field,ea_mirror.log
run_20260707_151857,GOLD_HASH_H1_PAF_DIAG_AQ_aq_w3_20260301_20260401,GOLD_HASH_H1_PAF_DIAG_AQ,aq_w3_20260301_20260401,GOLD#,GOLD,H1,2026-03-01,2026-04-01,PASS,FOUND,0,2026.03.17 14:00:00,POSSIBLE_FIBO_PULLBACK,breakout,29.0,NORMAL_SPREAD,OVERLAP,,,DIRECTION_MISSING,diagnostic log has no direction field,ea_mirror.log
run_20260707_151857,GOLD_HASH_H1_PAF_DIAG_AQ_aq_w3_20260301_20260401,GOLD_HASH_H1_PAF_DIAG_AQ,aq_w3_20260301_20260401,GOLD#,GOLD,H1,2026-03-01,2026-04-01,PASS,FOUND,0,2026.03.17 22:00:00,POSSIBLE_FIBO_PULLBACK,breakout,20.0,LOW_SPREAD,OTHER,,,DIRECTION_MISSING,diagnostic log has no direction field,ea_mirror.log
run_20260707_151857,GOLD_HASH_H1_PAF_DIAG_AQ_aq_w3_20260301_20260401,GOLD_HASH_H1_PAF_DIAG_AQ,aq_w3_20260301_20260401,GOLD#,GOLD,H1,2026-03-01,2026-04-01,PASS,FOUND,0,2026.03.18 00:00:00,POSSIBLE_FIBO_PULLBACK,breakout,33.0,NORMAL_SPREAD,ASIA,,,DIRECTION_MISSING,diagnostic log has no direction field,ea_mirror.log
run_20260707_151857,GOLD_HASH_H1_PAF_DIAG_AQ_aq_w3_20260301_20260401,GOLD_HASH_H1_PAF_DIAG_AQ,aq_w3_20260301_20260401,GOLD#,GOLD,H1,2026-03-01,2026-04-01,PASS,FOUND,0,2026.03.18 01:00:00,POSSIBLE_FIBO_PULLBACK,breakout,33.0,NORMAL_SPREAD,ASIA,,,DIRECTION_MISSING,diagnostic log has no direction field,ea_mirror.log
run_20260707_151857,GOLD_HASH_H1_PAF_DIAG_AQ_aq_w3_20260301_20260401,GOLD_HASH_H1_PAF_DIAG_AQ,aq_w3_20260301_20260401,GOLD#,GOLD,H1,2026-03-01,2026-04-01,PASS,FOUND,0,2026.03.18 03:00:00,POSSIBLE_FIBO_PULLBACK,breakout,29.0,NORMAL_SPREAD,ASIA,,,DIRECTION_MISSING,diagnostic log has no direction field,ea_mirror.log
run_20260707_151857,GOLD_HASH_H1_PAF_DIAG_AQ_aq_w3_20260301_20260401,GOLD_HASH_H1_PAF_DIAG_AQ,aq_w3_20260301_20260401,GOLD#,GOLD,H1,2026-03-01,2026-04-01,PASS,FOUND,0,2026.03.18 04:00:00,POSSIBLE_FIBO_PULLBACK,breakout,29.0,NORMAL_SPREAD,ASIA,,,DIRECTION_MISSING,diagnostic log has no direction field,ea_mirror.log
run_20260707_151857,GOLD_HASH_H1_PAF_DIAG_AQ_aq_w3_20260301_20260401,GOLD_HASH_H1_PAF_DIAG_AQ,aq_w3_20260301_20260401,GOLD#,GOLD,H1,2026-03-01,2026-04-01,PASS,FOUND,0,2026.03.18 06:00:00,POSSIBLE_FIBO_PULLBACK,breakout,20.0,LOW_SPREAD,ASIA,,,DIRECTION_MISSING,diagnostic log has no direction field,ea_mirror.log
run_20260707_151857,GOLD_HASH_H1_PAF_DIAG_AQ_aq_w3_20260301_20260401,GOLD_HASH_H1_PAF_DIAG_AQ,aq_w3_20260301_20260401,GOLD#,GOLD,H1,2026-03-01,2026-04-01,PASS,FOUND,0,2026.03.18 08:00:00,POSSIBLE_FIBO_PULLBACK,breakout,29.0,NORMAL_SPREAD,LONDON,,,DIRECTION_MISSING,diagnostic log has no direction field,ea_mirror.log
run_20260707_151857,GOLD_HASH_H1_PAF_DIAG_AQ_aq_w3_20260301_20260401,GOLD_HASH_H1_PAF_DIAG_AQ,aq_w3_20260301_20260401,GOLD#,GOLD,H1,2026-03-01,2026-04-01,PASS,FOUND,0,2026.03.18 10:00:00,POSSIBLE_FIBO_PULLBACK,breakout,21.0,NORMAL_SPREAD,LONDON,,,DIRECTION_MISSING,diagnostic log has no direction field,ea_mirror.log
run_20260707_151857,GOLD_HASH_H1_PAF_DIAG_AQ_aq_w3_20260301_20260401,GOLD_HASH_H1_PAF_DIAG_AQ,aq_w3_20260301_20260401,GOLD#,GOLD,H1,2026-03-01,2026-04-01,PASS,FOUND,0,2026.03.18 13:00:00,POSSIBLE_ZONE_REJECTION,breakout,28.0,NORMAL_SPREAD,OVERLAP,,,DIRECTION_MISSING,diagnostic log has no direction field,ea_mirror.log
run_20260707_151857,GOLD_HASH_H1_PAF_DIAG_AQ_aq_w3_20260301_20260401,GOLD_HASH_H1_PAF_DIAG_AQ,aq_w3_20260301_20260401,GOLD#,GOLD,H1,2026-03-01,2026-04-01,PASS,FOUND,0,2026.03.18 15:00:00,POSSIBLE_BREAK_RETEST,trend,20.0,LOW_SPREAD,OVERLAP,,,DIRECTION_MISSING,diagnostic log has no direction field,ea_mirror.log
run_20260707_151857,GOLD_HASH_H1_PAF_DIAG_AQ_aq_w3_20260301_20260401,GOLD_HASH_H1_PAF_DIAG_AQ,aq_w3_20260301_20260401,GOLD#,GOLD,H1,2026-03-01,2026-04-01,PASS,FOUND,0,2026.03.18 16:00:00,POSSIBLE_ZONE_REJECTION,trend,28.0,NORMAL_SPREAD,OVERLAP,,,DIRECTION_MISSING,diagnostic log has no direction field,ea_mirror.log
run_20260707_151857,GOLD_HASH_H1_PAF_DIAG_AQ_aq_w3_20260301_20260401,GOLD_HASH_H1_PAF_DIAG_AQ,aq_w3_20260301_20260401,GOLD#,GOLD,H1,2026-03-01,2026-04-01,PASS,FOUND,0,2026.03.18 19:00:00,POSSIBLE_FIBO_PULLBACK,trend,28.0,NORMAL_SPREAD,NEW_YORK,,,DIRECTION_MISSING,diagnostic log has no direction field,ea_mirror.log
run_20260707_151857,GOLD_HASH_H1_PAF_DIAG_AQ_aq_w3_20260301_20260401,GOLD_HASH_H1_PAF_DIAG_AQ,aq_w3_20260301_20260401,GOLD#,GOLD,H1,2026-03-01,2026-04-01,PASS,FOUND,0,2026.03.18 20:00:00,POSSIBLE_FIBO_PULLBACK,trend,32.0,NORMAL_SPREAD,NEW_YORK,,,DIRECTION_MISSING,diagnostic log has no direction field,ea_mirror.log
run_20260707_151857,GOLD_HASH_H1_PAF_DIAG_AQ_aq_w3_20260301_20260401,GOLD_HASH_H1_PAF_DIAG_AQ,aq_w3_20260301_20260401,GOLD#,GOLD,H1,2026-03-01,2026-04-01,PASS,FOUND,0,2026.03.19 00:00:00,POSSIBLE_BREAK_RETEST,trend,32.0,NORMAL_SPREAD,ASIA,,,DIRECTION_MISSING,diagnostic log has no direction field,ea_mirror.log
run_20260707_151857,GOLD_HASH_H1_PAF_DIAG_AQ_aq_w3_20260301_20260401,GOLD_HASH_H1_PAF_DIAG_AQ,aq_w3_20260301_20260401,GOLD#,GOLD,H1,2026-03-01,2026-04-01,PASS,FOUND,0,2026.03.19 07:00:00,POSSIBLE_FIBO_PULLBACK,trend,24.0,NORMAL_SPREAD,ASIA,,,DIRECTION_MISSING,diagnostic log has no direction field,ea_mirror.log
run_20260707_151857,GOLD_HASH_H1_PAF_DIAG_AQ_aq_w3_20260301_20260401,GOLD_HASH_H1_PAF_DIAG_AQ,aq_w3_20260301_20260401,GOLD#,GOLD,H1,2026-03-01,2026-04-01,PASS,FOUND,0,2026.03.19 11:00:00,POSSIBLE_BREAK_RETEST,trend,28.0,NORMAL_SPREAD,LONDON,,,DIRECTION_MISSING,diagnostic log has no direction field,ea_mirror.log
run_20260707_151857,GOLD_HASH_H1_PAF_DIAG_AQ_aq_w3_20260301_20260401,GOLD_HASH_H1_PAF_DIAG_AQ,aq_w3_20260301_20260401,GOLD#,GOLD,H1,2026-03-01,2026-04-01,PASS,FOUND,0,2026.03.25 22:00:00,POSSIBLE_FIBO_PULLBACK,trend,28.0,NORMAL_SPREAD,OTHER,,,DIRECTION_MISSING,diagnostic log has no direction field,ea_mirror.log
run_20260707_151857,GOLD_HASH_H1_PAF_DIAG_AQ_aq_w3_20260301_20260401,GOLD_HASH_H1_PAF_DIAG_AQ,aq_w3_20260301_20260401,GOLD#,GOLD,H1,2026-03-01,2026-04-01,PASS,FOUND,0,2026.03.26 03:00:00,POSSIBLE_FIBO_PULLBACK,trend,31.0,NORMAL_SPREAD,ASIA,,,DIRECTION_MISSING,diagnostic log has no direction field,ea_mirror.log
run_20260707_151857,GOLD_HASH_H1_PAF_DIAG_AQ_aq_w3_20260301_20260401,GOLD_HASH_H1_PAF_DIAG_AQ,aq_w3_20260301_20260401,GOLD#,GOLD,H1,2026-03-01,2026-04-01,PASS,FOUND,0,2026.03.26 10:00:00,POSSIBLE_FIBO_PULLBACK,trend,20.0,LOW_SPREAD,LONDON,,,DIRECTION_MISSING,diagnostic log has no direction field,ea_mirror.log
run_20260707_151857,GOLD_HASH_H1_PAF_DIAG_AQ_aq_w3_20260301_20260401,GOLD_HASH_H1_PAF_DIAG_AQ,aq_w3_20260301_20260401,GOLD#,GOLD,H1,2026-03-01,2026-04-01,PASS,FOUND,0,2026.03.27 14:00:00,POSSIBLE_FIBO_PULLBACK,trend,29.0,NORMAL_SPREAD,OVERLAP,,,DIRECTION_MISSING,diagnostic log has no direction field,ea_mirror.log
run_20260707_151857,GOLD_HASH_H1_PAF_DIAG_AQ_aq_w3_20260301_20260401,GOLD_HASH_H1_PAF_DIAG_AQ,aq_w3_20260301_20260401,GOLD#,GOLD,H1,2026-03-01,2026-04-01,PASS,FOUND,0,2026.03.27 18:00:00,POSSIBLE_BREAK_RETEST,trend,28.0,NORMAL_SPREAD,NEW_YORK,,,DIRECTION_MISSING,diagnostic log has no direction field,ea_mirror.log
run_20260707_151857,GOLD_HASH_H1_PAF_DIAG_AQ_aq_w3_20260301_20260401,GOLD_HASH_H1_PAF_DIAG_AQ,aq_w3_20260301_20260401,GOLD#,GOLD,H1,2026-03-01,2026-04-01,PASS,FOUND,0,2026.03.30 02:00:00,POSSIBLE_FIBO_PULLBACK,breakout,32.0,NORMAL_SPREAD,ASIA,,,DIRECTION_MISSING,diagnostic log has no direction field,ea_mirror.log
run_20260707_151857,GOLD_HASH_H1_PAF_DIAG_AQ_aq_w3_20260301_20260401,GOLD_HASH_H1_PAF_DIAG_AQ,aq_w3_20260301_20260401,GOLD#,GOLD,H1,2026-03-01,2026-04-01,PASS,FOUND,0,2026.03.31 01:00:00,POSSIBLE_FIBO_PULLBACK,trend,32.0,NORMAL_SPREAD,ASIA,,,DIRECTION_MISSING,diagnostic log has no direction field,ea_mirror.log
run_20260707_151857,GOLD_HASH_H1_PAF_DIAG_AQ_aq_w3_20260301_20260401,GOLD_HASH_H1_PAF_DIAG_AQ,aq_w3_20260301_20260401,GOLD#,GOLD,H1,2026-03-01,2026-04-01,PASS,FOUND,0,2026.03.31 02:00:00,POSSIBLE_FIBO_PULLBACK,trend,29.0,NORMAL_SPREAD,ASIA,,,DIRECTION_MISSING,diagnostic log has no direction field,ea_mirror.log
run_20260707_151857,GOLD_HASH_H1_PAF_DIAG_AQ_aq_w3_20260301_20260401,GOLD_HASH_H1_PAF_DIAG_AQ,aq_w3_20260301_20260401,GOLD#,GOLD,H1,2026-03-01,2026-04-01,PASS,FOUND,0,2026.03.31 03:00:00,POSSIBLE_FIBO_PULLBACK,trend,32.0,NORMAL_SPREAD,ASIA,,,DIRECTION_MISSING,diagnostic log has no direction field,ea_mirror.log
run_20260707_151857,GOLD_HASH_H1_PAF_DIAG_AQ_aq_w3_20260301_20260401,GOLD_HASH_H1_PAF_DIAG_AQ,aq_w3_20260301_20260401,GOLD#,GOLD,H1,2026-03-01,2026-04-01,PASS,FOUND,0,2026.03.31 23:00:00,POSSIBLE_BREAK_RETEST,trend,20.0,LOW_SPREAD,OTHER,,,DIRECTION_MISSING,diagnostic log has no direction field,ea_mirror.log
